{"type":"FeatureCollection","features":[{"type":"Feature","properties":{"id":6980,"entidad":15,"distrito":33,"distrito_l":1,"municipio":26,"seccion":938,"tipo":2,"control":31942},"geometry":{"type":"Polygon","coordinates":[[[-98.91291849900762,19.288991039546218],[-98.91284949618144,19.288837946320832],[-98.91346376740937,19.288470164719257],[-98.91414713454557,19.288073259165028],[-98.913575380471,19.287876197699365],[-98.91271582523353,19.287595178402164],[-98.9118179070941,19.287288626491005],[-98.91286982933325,19.286676889838287],[-98.91345146622176,19.286316381184847],[-98.91384880610492,19.286097911326618],[-98.91420584110728,19.285890354556066],[-98.91473562280008,19.28560270329994],[-98.91518817359523,19.28622973262493],[-98.9163910354557,19.287869518680267],[-98.91601008827753,19.28804468406054],[-98.91600093854437,19.287946570718436],[-98.91537421529581,19.288180774768037],[-98.91480256289682,19.28837611698375],[-98.91417986411783,19.288599105728895],[-98.91355455676045,19.288816097218742],[-98.91291849900762,19.288991039546218]]]}},{"type":"Feature","properties":{"id":6981,"entidad":15,"distrito":33,"distrito_l":1,"municipio":26,"seccion":966,"tipo":2,"control":31946},"geometry":{"type":"Polygon","coordinates":[[[-98.9118179070941,19.287288626491005],[-98.91134602443053,19.287138382575996],[-98.91050369345679,19.286827473709092],[-98.90856781847185,19.286139524670386],[-98.90817286178128,19.285993451342506],[-98.90853845895097,19.285756194958946],[-98.90810383581069,19.285598901308266],[-98.90751175705324,19.285364174562044],[-98.90785018349341,19.28515311732396],[-98.90811571299253,19.284996175500662],[-98.90916187004115,19.285398519846886],[-98.90957623844176,19.285137826940478],[-98.9091407669014,19.284961442694765],[-98.9085544086543,19.284744344119215],[-98.90878146307392,19.284594687895584],[-98.90885072876173,19.28455819326257],[-98.90989688085195,19.28496783925359],[-98.91026248123082,19.284715967696812],[-98.91057422492388,19.284460416124485],[-98.91153241028292,19.28392025035509],[-98.91110165378022,19.283730089396823],[-98.91168273137158,19.283379690796693],[-98.91200208616199,19.283270257254184],[-98.91266669760482,19.282867373473398],[-98.91354431243549,19.28402714815052],[-98.91381340457325,19.284399873202872],[-98.91397102529479,19.28460085812543],[-98.91426318600438,19.28500281672343],[-98.91448615919961,19.285295154859217],[-98.91473562280008,19.28560270329994],[-98.91420584110728,19.285890354556066],[-98.91384880610492,19.286097911326618],[-98.91345146622176,19.286316381184847],[-98.91286982933325,19.286676889838287],[-98.9118179070941,19.287288626491005]]]}},{"type":"Feature","properties":{"id":6982,"entidad":15,"distrito":33,"distrito_l":1,"municipio":26,"seccion":967,"tipo":2,"control":31950},"geometry":{"type":"Polygon","coordinates":[[[-98.90537270699666,19.286637767458835],[-98.90515935078801,19.28609150955909],[-98.90469623999363,19.284850730164177],[-98.90523924663955,19.284531792082824],[-98.90597279193,19.284112587672897],[-98.9065860518689,19.28377165484523],[-98.90759635382138,19.283182455631348],[-98.90997004355098,19.28181812220377],[-98.91133033411428,19.281060612289107],[-98.91184906205487,19.281771676635913],[-98.91266669760482,19.282867373473398],[-98.91200208616199,19.283270257254184],[-98.91168273137158,19.283379690796693],[-98.91110165378022,19.283730089396823],[-98.91153241028292,19.28392025035509],[-98.91057422492388,19.284460416124485],[-98.91026248123082,19.284715967696812],[-98.90989688085195,19.28496783925359],[-98.90885072876173,19.28455819326257],[-98.90878146307392,19.284594687895584],[-98.9085544086543,19.284744344119215],[-98.9091407669014,19.284961442694765],[-98.90957623844176,19.285137826940478],[-98.90916187004115,19.285398519846886],[-98.90811571299253,19.284996175500662],[-98.90785018349341,19.28515311732396],[-98.90751175705324,19.285364174562044],[-98.90810383581069,19.285598901308266],[-98.90853845895097,19.285756194958946],[-98.90817286178128,19.285993451342506],[-98.90771929208911,19.28582969605057],[-98.90710384482335,19.285597027344885],[-98.90680999003845,19.285769378594676],[-98.90654304945308,19.285934786725218],[-98.90622510294897,19.28610258154685],[-98.9054992263944,19.286554134872038],[-98.90537270699666,19.286637767458835]]]}},{"type":"Feature","properties":{"id":6983,"entidad":15,"distrito":33,"distrito_l":1,"municipio":26,"seccion":986,"tipo":2,"control":31952},"geometry":{"type":"Polygon","coordinates":[[[-98.90469623999363,19.284850730164177],[-98.90452647673358,19.284452051990314],[-98.90425295792056,19.28372452639281],[-98.90405037018981,19.28315600199528],[-98.90451103951466,19.28291775076345],[-98.90523141794118,19.282510846813256],[-98.90612464915395,19.281965748029744],[-98.90717632112738,19.281360837130137],[-98.90743978342557,19.281196961754986],[-98.90787661527348,19.280942103451217],[-98.90879799840307,19.280392753174198],[-98.91022498459041,19.279573329196534],[-98.91035920489425,19.279745918744744],[-98.91133033411428,19.281060612289107],[-98.90997004355098,19.28181812220377],[-98.90759635382138,19.283182455631348],[-98.9065860518689,19.28377165484523],[-98.90597279193,19.284112587672897],[-98.90523924663955,19.284531792082824],[-98.90469623999363,19.284850730164177]]]}},{"type":"Feature","properties":{"id":6984,"entidad":15,"distrito":33,"distrito_l":1,"municipio":26,"seccion":987,"tipo":2,"control":31962},"geometry":{"type":"Polygon","coordinates":[[[-98.90405037018981,19.28315600199528],[-98.90399366621605,19.283017222772898],[-98.9036545439174,19.282106230182716],[-98.90349860750922,19.281708294407206],[-98.90332192285308,19.28121157349896],[-98.90323538582535,19.281022770279368],[-98.90296057070525,19.280311154261174],[-98.9028282395195,19.279991648286078],[-98.90257890078495,19.27929940491019],[-98.90231934460571,19.278650715103122],[-98.90328772715623,19.27868510968736],[-98.90426629541494,19.2787340242829],[-98.90688095070763,19.278793454497404],[-98.90758939253224,19.278832533591736],[-98.90970854386272,19.27888948893459],[-98.91022498459041,19.279573329196534],[-98.90879799840307,19.280392753174198],[-98.90787661527348,19.280942103451217],[-98.90743978342557,19.281196961754986],[-98.90717632112738,19.281360837130137],[-98.90612464915395,19.281965748029744],[-98.90523141794118,19.282510846813256],[-98.90451103951466,19.28291775076345],[-98.90405037018981,19.28315600199528]]]}},{"type":"Feature","properties":{"id":6986,"entidad":15,"distrito":33,"distrito_l":1,"municipio":26,"seccion":989,"tipo":2,"control":32323},"geometry":{"type":"Polygon","coordinates":[[[-98.88985331751576,19.27179904030725],[-98.88588764730304,19.27504056304339],[-98.88499371619329,19.27581776712236],[-98.88474634693637,19.275767546399678],[-98.88434812547517,19.275795655052054],[-98.88417916879396,19.275398505281544],[-98.88377205969422,19.27391406298106],[-98.88376234279548,19.273665903049956],[-98.88426687017254,19.27105527244401],[-98.88587774816807,19.271288430409214],[-98.88664285119333,19.271393390250562],[-98.88679825196971,19.27086156895238],[-98.89057818367446,19.271349558917926],[-98.88985331751576,19.27179904030725]]]}},{"type":"Feature","properties":{"id":7069,"entidad":15,"distrito":33,"distrito_l":1,"municipio":26,"seccion":990,"tipo":2,"control":35224},"geometry":{"type":"Polygon","coordinates":[[[-98.88348016534083,19.289107928471807],[-98.8803270436207,19.2884606110531],[-98.87972981271307,19.28829951167114],[-98.8793053370893,19.288145468738207],[-98.87668836679111,19.287725319490036],[-98.87536065693506,19.286555453854724],[-98.87635690573975,19.285397836557703],[-98.8751238629312,19.284373082851374],[-98.87723499122858,19.28177741195742],[-98.87622716589495,19.2810355836534],[-98.8777938911511,19.27894080277224],[-98.87760527238382,19.278923961010353],[-98.87794002821407,19.27684519310301],[-98.87825480876806,19.27499561576758],[-98.87895449131379,19.27511928242237],[-98.87917024526963,19.27384879763517],[-98.88188355172574,19.274245192351685],[-98.8832561355929,19.274500231844296],[-98.88320860918708,19.273831654596904],[-98.88376234279548,19.273665903049956],[-98.88377205969422,19.27391406298106],[-98.88417916879425,19.275398504875223],[-98.88434812547547,19.275795654645822],[-98.88474634693662,19.27576754599336],[-98.88499371619355,19.275817766716127],[-98.88431945274549,19.27628109312401],[-98.8846069370388,19.27720877863311],[-98.88477124018226,19.277794659261286],[-98.88512049829107,19.279224706498542],[-98.88496682825928,19.2793321184769],[-98.88508462035122,19.27972993713693],[-98.88545112934612,19.281188066489936],[-98.88578132634753,19.28232429275722],[-98.88637062128886,19.284655629668155],[-98.88348016534083,19.289107928471807]]]}},{"type":"Feature","properties":{"id":6987,"entidad":15,"distrito":33,"distrito_l":1,"municipio":26,"seccion":991,"tipo":2,"control":35223},"geometry":{"type":"Polygon","coordinates":[[[-98.89410706424361,19.290190301212387],[-98.8923234884856,19.290081283631142],[-98.89154164786154,19.28995995659952],[-98.89055067331213,19.289864400560575],[-98.88986879594441,19.28982082482985],[-98.88770037940075,19.289751037425276],[-98.88348016534083,19.289107928471807],[-98.88637062128886,19.284655629668155],[-98.88578132634753,19.28232429275722],[-98.88545112934612,19.281188066489936],[-98.88508462035122,19.27972993713693],[-98.88496682825928,19.2793321184769],[-98.88512049829107,19.279224706498542],[-98.88477124018226,19.277794659261286],[-98.8846069370388,19.27720877863311],[-98.88431945274549,19.27628109312401],[-98.88499371619355,19.275817766716127],[-98.88588764730304,19.27504056304339],[-98.88637774433113,19.27513572357235],[-98.8877881369153,19.275326601186293],[-98.8876793837522,19.27587196457208],[-98.88756383351638,19.276274569906825],[-98.8874007037717,19.2766739662533],[-98.8873106425585,19.27706052966141],[-98.8892613493181,19.277330902952652],[-98.89087740645519,19.277508043836928],[-98.89035039794999,19.27835276073008],[-98.88915923889714,19.280225541539203],[-98.88880429928307,19.28076090583427],[-98.88924943330599,19.28109424231117],[-98.88963333288142,19.281339817359864],[-98.89002171326868,19.281541370575905],[-98.89034553551669,19.28167676410091],[-98.89152312836107,19.28213388934064],[-98.89247790466625,19.28249678171464],[-98.89232688220731,19.283097056064086],[-98.89388872206744,19.290053582041548],[-98.89410706424361,19.290190301212387]]]}},{"type":"Feature","properties":{"id":6988,"entidad":15,"distrito":33,"distrito_l":1,"municipio":26,"seccion":992,"tipo":2,"control":35222},"geometry":{"type":"Polygon","coordinates":[[[-98.88985331751603,19.271799039900475],[-98.89123558784138,19.271953025995053],[-98.8941699839457,19.272262200977092],[-98.89372065382238,19.273014500918297],[-98.893374003115,19.273543831699907],[-98.89332429952093,19.27361120094948],[-98.89312548514461,19.27392879846704],[-98.89406857898098,19.27517632518195],[-98.89494667580962,19.27638895535297],[-98.89498618379467,19.276397376364518],[-98.89567821075833,19.27736578979672],[-98.8959286404054,19.276983237100062],[-98.89618098172919,19.2773080460507],[-98.89559236409907,19.27832829893202],[-98.89567121383084,19.27844611675631],[-98.895695266356,19.27862509689617],[-98.89503852305715,19.280786008023686],[-98.894478679517,19.2826688572955],[-98.89428979684766,19.283199218945978],[-98.89302143105985,19.282705636428112],[-98.89152312836107,19.28213388934064],[-98.89034553551669,19.28167676410091],[-98.89002171326868,19.281541370575905],[-98.88963333288142,19.281339817359864],[-98.88924943330599,19.28109424231117],[-98.88880429928307,19.28076090583427],[-98.88915923889714,19.280225541539203],[-98.89035039794999,19.27835276073008],[-98.89087740645519,19.277508043836928],[-98.8892613493181,19.277330902952652],[-98.8873106425585,19.27706052966141],[-98.8874007037717,19.2766739662533],[-98.88756383351638,19.276274569906825],[-98.8876793837522,19.27587196457208],[-98.8877881369153,19.275326601186293],[-98.88637774433113,19.27513572357235],[-98.88588764730304,19.27504056304339],[-98.88985331751603,19.271799039900475]]]}},{"type":"Feature","properties":{"id":6989,"entidad":15,"distrito":33,"distrito_l":1,"municipio":26,"seccion":993,"tipo":2,"control":32334},"geometry":{"type":"Polygon","coordinates":[[[-98.89716874959376,19.272660056638607],[-98.8954100684673,19.272434220510696],[-98.89416998394543,19.27226220138377],[-98.89123558784111,19.271953026401825],[-98.88985331751576,19.27179904030725],[-98.89057818367446,19.271349558917926],[-98.89101372641014,19.270976509194703],[-98.89125932441345,19.27075631154486],[-98.89264656928756,19.2696992813029],[-98.89352396523466,19.268990451709225],[-98.89444786737225,19.268262561389584],[-98.89657755843294,19.268518374022108],[-98.8969347247058,19.26898533417714],[-98.89721374490205,19.269377992676997],[-98.89753806189965,19.26981132738702],[-98.89749244983673,19.270279841551282],[-98.89740702255774,19.270802271084246],[-98.89734127658164,19.27127874152306],[-98.89716874959376,19.272660056638607]]]}},{"type":"Feature","properties":{"id":6990,"entidad":15,"distrito":33,"distrito_l":1,"municipio":26,"seccion":994,"tipo":2,"control":32335},"geometry":{"type":"Polygon","coordinates":[[[-98.90576326927655,19.273639255535],[-98.90522362098831,19.27362460879404],[-98.90459250528824,19.273547375669317],[-98.90360604260302,19.273439792238854],[-98.90212917603286,19.273267702043622],[-98.90016754941642,19.273025742994665],[-98.89983497007006,19.272993441291312],[-98.89959755522915,19.272957132701322],[-98.89716874959376,19.272660056638607],[-98.89734127658164,19.27127874152306],[-98.89740702255774,19.270802271084246],[-98.89749244983673,19.270279841551282],[-98.89753806189965,19.26981132738702],[-98.89721374490205,19.269377992676997],[-98.8969347247058,19.26898533417714],[-98.89657755843294,19.268518374022108],[-98.8970502349191,19.267690940318175],[-98.89741691531749,19.267634299569277],[-98.89785098680954,19.26749953132998],[-98.89850208616527,19.26730803580998],[-98.89871249988036,19.26722478903224],[-98.89902595061776,19.2671662087361],[-98.89963214786845,19.26698179022851],[-98.89990155741312,19.26691798520502],[-98.90053131540151,19.266699314248328],[-98.90311104871198,19.27011187419373],[-98.90329083763598,19.270376353604462],[-98.90356750203803,19.270743463058487],[-98.90401383666597,19.271314924522205],[-98.90424902536371,19.271601975826975],[-98.9044738369734,19.27189838209551],[-98.90478139957676,19.272310341690545],[-98.90519023025547,19.27287344279288],[-98.9055419802213,19.27333244152505],[-98.90576326927655,19.273639255535]]]}},{"type":"Feature","properties":{"id":7037,"entidad":15,"distrito":33,"distrito_l":1,"municipio":26,"seccion":1017,"tipo":2,"control":32754},"geometry":{"type":"Polygon","coordinates":[[[-98.9185206163932,19.275102898521464],[-98.91787026737468,19.27574873295467],[-98.91741133634838,19.27614894752331],[-98.91605963628717,19.274690493223016],[-98.91602012735694,19.2747315818494],[-98.91555096836184,19.274130085463387],[-98.91444515315007,19.272675921633557],[-98.91393805822075,19.27195932884733],[-98.91359333333531,19.271453329700748],[-98.91388677250457,19.27124921208696],[-98.91271993289514,19.269734359922616],[-98.91308251040601,19.269496335879342],[-98.91224337011825,19.26837923859858],[-98.9119020012286,19.268649927024306],[-98.91156382853374,19.268184170133193],[-98.91041494979059,19.26655197282268],[-98.90941348339005,19.265146457609294],[-98.90783109422124,19.262961908273372],[-98.90772258314665,19.26304425954532],[-98.90634399127839,19.261135859837285],[-98.90801127480982,19.259749257323033],[-98.90854622979145,19.260466159119257],[-98.90933988488213,19.26161718851361],[-98.9108845229063,19.26389685812828],[-98.91194896766092,19.265505273928166],[-98.912546466934,19.266346746248566],[-98.91300406387624,19.267042757765093],[-98.91326188518666,19.267406747603673],[-98.91745163164437,19.273570645337884],[-98.9185206163932,19.275102898521464]]]}},{"type":"Feature","properties":{"id":6992,"entidad":15,"distrito":33,"distrito_l":1,"municipio":26,"seccion":1018,"tipo":2,"control":31834},"geometry":{"type":"Polygon","coordinates":[[[-98.91024669856662,19.27007955466561],[-98.90988620915137,19.26962243044459],[-98.90874722503182,19.26799813877941],[-98.90772926359021,19.266569657647217],[-98.90692467653393,19.265458136785746],[-98.9053377706635,19.263247769982556],[-98.90478211913867,19.26251237226916],[-98.90612172096783,19.261348090031227],[-98.90634399127839,19.261135859837285],[-98.90772258314665,19.26304425954532],[-98.90783109422124,19.262961908273372],[-98.90941348339005,19.265146457609294],[-98.91041494979059,19.26655197282268],[-98.91156382853374,19.268184170133193],[-98.9119020012286,19.268649927024306],[-98.91163288175765,19.26886817291319],[-98.91137823446161,19.269061366221013],[-98.91099913444631,19.269403504140545],[-98.91073868786978,19.269625873205523],[-98.91052026523084,19.269839496986123],[-98.91024669856662,19.27007955466561]]]}},{"type":"Feature","properties":{"id":6993,"entidad":15,"distrito":33,"distrito_l":1,"municipio":26,"seccion":1019,"tipo":2,"control":31813},"geometry":{"type":"Polygon","coordinates":[[[-98.90871529567391,19.271376059327196],[-98.90837771571526,19.27090924873883],[-98.90812342242886,19.27113585936313],[-98.90691513774732,19.26947859598178],[-98.90590695724318,19.268117650128303],[-98.90540288161418,19.267422546792726],[-98.90432068323783,19.265888851061632],[-98.9034953185234,19.264797381936468],[-98.90303224210312,19.265202628198786],[-98.90247216069827,19.264441872699543],[-98.90297061458516,19.264091482373708],[-98.90430007290195,19.262956011126946],[-98.90478211913867,19.26251237226916],[-98.9053377706635,19.263247769982556],[-98.90692467653393,19.265458136785746],[-98.90772926359021,19.266569657647217],[-98.90874722503182,19.26799813877941],[-98.90988620915137,19.26962243044459],[-98.91024669856662,19.27007955466561],[-98.90949974657075,19.270703257324683],[-98.90871529567391,19.271376059327196]]]}},{"type":"Feature","properties":{"id":6994,"entidad":15,"distrito":33,"distrito_l":1,"municipio":26,"seccion":1020,"tipo":2,"control":31222},"geometry":{"type":"Polygon","coordinates":[[[-98.90588601004939,19.273784709800932],[-98.90576326927655,19.273639255535],[-98.9055419802213,19.27333244152505],[-98.90519023025547,19.27287344279288],[-98.90478139957676,19.272310341690545],[-98.90424902536371,19.271601975826975],[-98.90401383666597,19.271314924522205],[-98.90356750203803,19.270743463058487],[-98.90329083763598,19.270376353604462],[-98.90311104871198,19.27011187419373],[-98.90233270529453,19.269081241972412],[-98.90305215979254,19.26859195955387],[-98.90322370035267,19.268464447323915],[-98.90347973175894,19.268286057851494],[-98.90376198536879,19.268105562457972],[-98.9040278199849,19.26790090630519],[-98.90430134308407,19.26771819620045],[-98.90456026766964,19.26752521610177],[-98.90512384109707,19.26702939533304],[-98.90590695724318,19.268117650128303],[-98.90691513774732,19.26947859598178],[-98.90812342242886,19.27113585936313],[-98.90837771571526,19.27090924873883],[-98.90871529567391,19.271376059327196],[-98.90823966411575,19.27181199002875],[-98.90794924643893,19.27205760991036],[-98.90770056073174,19.272255653566074],[-98.90728913457751,19.272616812445925],[-98.90698211793234,19.272852710768902],[-98.90668121829819,19.273123582694524],[-98.90588601004939,19.273784709800932]]]}},{"type":"Feature","properties":{"id":6995,"entidad":15,"distrito":33,"distrito_l":1,"municipio":26,"seccion":1021,"tipo":2,"control":31829},"geometry":{"type":"Polygon","coordinates":[[[-98.90233270529453,19.269081241972412],[-98.90053131540151,19.266699314248328],[-98.9002928490465,19.26643136503701],[-98.90079205113838,19.26601136621881],[-98.90135357877259,19.26549065194786],[-98.90185991523633,19.26508899573519],[-98.90232449977003,19.264650593266456],[-98.90247216069827,19.264441872699543],[-98.90303224210312,19.265202628198786],[-98.9034953185234,19.264797381936468],[-98.90432068323783,19.265888851061632],[-98.90512384109707,19.26702939533304],[-98.90456026766964,19.26752521610177],[-98.90430134308407,19.26771819620045],[-98.9040278199849,19.26790090630519],[-98.90376198536879,19.268105562457972],[-98.90347973175894,19.268286057851494],[-98.90322370035267,19.268464447323915],[-98.90305215979254,19.26859195955387],[-98.90233270529453,19.269081241972412]]]}},{"type":"Feature","properties":{"id":6996,"entidad":15,"distrito":33,"distrito_l":1,"municipio":26,"seccion":1022,"tipo":2,"control":32189},"geometry":{"type":"Polygon","coordinates":[[[-98.9002928490465,19.26643136503701],[-98.89833160285364,19.265635082558706],[-98.89699545358475,19.265102438811073],[-98.89467429763837,19.26416256238114],[-98.89494653955427,19.263584475962666],[-98.89509685486972,19.263240305924384],[-98.89555909942096,19.26224814397198],[-98.8973172758384,19.26302909544389],[-98.89789200813169,19.26329298852507],[-98.89955111248962,19.264030831132406],[-98.90059302159014,19.26448323693562],[-98.90097244510507,19.264598237021115],[-98.90140855407235,19.264634290599897],[-98.90175407717837,19.26460758153848],[-98.90195233810485,19.264575413918212],[-98.90233189307355,19.264468036926694],[-98.90247216069827,19.264441872699543],[-98.90232449977003,19.264650593266456],[-98.90185991523633,19.26508899573519],[-98.90135357877259,19.26549065194786],[-98.90079205113838,19.26601136621881],[-98.9002928490465,19.26643136503701]]]}},{"type":"Feature","properties":{"id":6997,"entidad":15,"distrito":33,"distrito_l":1,"municipio":26,"seccion":1023,"tipo":2,"control":30450},"geometry":{"type":"Polygon","coordinates":[[[-98.89264656928756,19.2696992813029],[-98.89233057537436,19.26967068984803],[-98.89251612980195,19.269269604533076],[-98.89268621137867,19.268858853153706],[-98.8928600151508,19.268496500851697],[-98.89303570659615,19.26810151814236],[-98.89467429763837,19.26416256238114],[-98.89699545358475,19.265102438811073],[-98.89833160285364,19.265635082558706],[-98.9002928490465,19.26643136503701],[-98.90053131540151,19.266699314248328],[-98.89990155741312,19.26691798520502],[-98.89963214786845,19.26698179022851],[-98.89902595061776,19.2671662087361],[-98.89871249988036,19.26722478903224],[-98.89850208616527,19.26730803580998],[-98.89785098680954,19.26749953132998],[-98.89741691531749,19.267634299569277],[-98.8970502349191,19.267690940318175],[-98.89657755843294,19.268518374022108],[-98.89444786737225,19.268262561389584],[-98.89352396523466,19.268990451709225],[-98.89264656928756,19.2696992813029]]]}},{"type":"Feature","properties":{"id":6998,"entidad":15,"distrito":33,"distrito_l":1,"municipio":26,"seccion":1024,"tipo":2,"control":32333},"geometry":{"type":"Polygon","coordinates":[[[-98.88664285119333,19.271393390250562],[-98.88587774816807,19.271288430409214],[-98.88426687017254,19.27105527244401],[-98.88431241083593,19.27084730243091],[-98.88440037340908,19.27064961989916],[-98.88483015682347,19.270206525549053],[-98.88583075037491,19.269307782917195],[-98.8866465064763,19.268625556085283],[-98.88739384969931,19.268200354230654],[-98.88876703150031,19.267458467434654],[-98.8887965830255,19.267599255426337],[-98.88921740820541,19.267639804185404],[-98.8904256216853,19.267788227926555],[-98.89147235064766,19.267905304593157],[-98.89303570659615,19.26810151814236],[-98.8928600151508,19.268496500851697],[-98.89268621137867,19.268858853153706],[-98.89251612980195,19.269269604533076],[-98.89233057537436,19.26967068984803],[-98.89264656928756,19.2696992813029],[-98.89125932441345,19.27075631154486],[-98.89101372641014,19.270976509194703],[-98.89057818367446,19.271349558917926],[-98.88679825196971,19.27086156895238],[-98.88664285119333,19.271393390250562]]]}},{"type":"Feature","properties":{"id":7068,"entidad":15,"distrito":33,"distrito_l":1,"municipio":26,"seccion":1025,"tipo":2,"control":35232},"geometry":{"type":"Polygon","coordinates":[[[-98.8790360561861,19.273836065671343],[-98.87927188274723,19.2722830592061],[-98.87922823279602,19.27212516120409],[-98.87803566515097,19.27188154684533],[-98.8783896439524,19.270216538272635],[-98.8737200550114,19.269437864259956],[-98.87394499563591,19.26762725993984],[-98.87417630851604,19.265845509519],[-98.87451722419335,19.26282455013627],[-98.87263804600194,19.26294245401555],[-98.87245579949031,19.26098620113388],[-98.87146937431592,19.261063200050366],[-98.87134176989575,19.259273257589683],[-98.87163505296255,19.259236862984462],[-98.87152194287118,19.257439501874416],[-98.87141846364923,19.25744342400227],[-98.87133110487541,19.256193777056325],[-98.87080164343045,19.25604830891291],[-98.87123835712441,19.254594768316508],[-98.87147447212014,19.25466852399072],[-98.8716173481217,19.254650722444946],[-98.87182935212037,19.25390404399845],[-98.87179067581134,19.25382563387807],[-98.8721958114598,19.252159913959073],[-98.87271408776357,19.25012708899474],[-98.87361412803371,19.250327239973892],[-98.87391183176555,19.249377966685312],[-98.87398768974876,19.248989505399212],[-98.87651365188874,19.250775048533903],[-98.87799711300418,19.251482522514035],[-98.88017642443674,19.252697734304483],[-98.88166243445451,19.253477390197823],[-98.88372704528534,19.254006784062565],[-98.884879149107,19.254454361178894],[-98.88528525309434,19.254699120163668],[-98.88768712731105,19.256091380515848],[-98.88940349309193,19.257115915360362],[-98.89125897006437,19.25834129696611],[-98.89436710476602,19.259755427626967],[-98.89385052323564,19.260829092479966],[-98.89165328121449,19.265655892537744],[-98.89133607682577,19.265922693103875],[-98.88876703150031,19.267458467434654],[-98.88739384969931,19.268200354230654],[-98.8866465064763,19.268625556085283],[-98.88583075037491,19.269307782917195],[-98.88483015682347,19.270206525549053],[-98.88440037340908,19.27064961989916],[-98.88431241083593,19.27084730243091],[-98.88426687017254,19.27105527244401],[-98.88376234279548,19.273665903049956],[-98.88320860918708,19.273831654596904],[-98.8832561355929,19.274500231844296],[-98.88188355172574,19.274245192351685],[-98.87917024526963,19.27384879763517],[-98.8790360561861,19.273836065671343]]]}},{"type":"Feature","properties":{"id":6999,"entidad":15,"distrito":33,"distrito_l":1,"municipio":26,"seccion":1026,"tipo":2,"control":32535},"geometry":{"type":"Polygon","coordinates":[[[-98.89555909942096,19.26224814397198],[-98.89509685486972,19.263240305924384],[-98.89494653955427,19.263584475962666],[-98.89467429763837,19.26416256238114],[-98.89303570659615,19.26810151814236],[-98.89147235064766,19.267905304593157],[-98.8904256216853,19.267788227926555],[-98.88921740820541,19.267639804185404],[-98.8887965830255,19.267599255426337],[-98.88876703150031,19.267458467434654],[-98.89133607682577,19.265922693103875],[-98.89165328121422,19.26565589294533],[-98.89385052323564,19.260829092479966],[-98.89436710476575,19.25975542803537],[-98.89530977796541,19.260153396348212],[-98.8962922577594,19.26059716257756],[-98.89907890598634,19.261783128237322],[-98.90005962739897,19.26219551084819],[-98.90233800759222,19.26319084804161],[-98.90350341853794,19.263636328143495],[-98.90297061458516,19.264091482373708],[-98.90247216069827,19.264441872699543],[-98.90233189307355,19.264468036926694],[-98.90195233810485,19.264575413918212],[-98.90175407717837,19.26460758153848],[-98.90140855407235,19.264634290599897],[-98.90097244510507,19.264598237021115],[-98.90059302159014,19.26448323693562],[-98.89955111248962,19.264030831132406],[-98.89789200813169,19.26329298852507],[-98.8973172758384,19.26302909544389],[-98.89555909942096,19.26224814397198]]]}},{"type":"Feature","properties":{"id":7000,"entidad":15,"distrito":33,"distrito_l":1,"municipio":26,"seccion":1027,"tipo":2,"control":32760},"geometry":{"type":"Polygon","coordinates":[[[-98.90478211913867,19.26251237226916],[-98.90430007290195,19.262956011126946],[-98.90350341853794,19.263636328143495],[-98.90233800759222,19.26319084804161],[-98.90005962739897,19.26219551084819],[-98.89907890598634,19.261783128237322],[-98.89947718560104,19.260875777813183],[-98.89989863922662,19.259938500648406],[-98.900335388376,19.259008498240153],[-98.90135671377031,19.259452369862295],[-98.90181259075652,19.258511472892295],[-98.90216507463424,19.257708602068405],[-98.90318257720661,19.25814156023835],[-98.9045711376357,19.258723690640156],[-98.90779210315276,19.259931749167745],[-98.90634399127839,19.261135859837285],[-98.90612172096783,19.261348090031227],[-98.90478211913867,19.26251237226916]]]}},{"type":"Feature","properties":{"id":7032,"entidad":15,"distrito":33,"distrito_l":1,"municipio":26,"seccion":1035,"tipo":2,"control":32759},"geometry":{"type":"Polygon","coordinates":[[[-98.92181717756098,19.260255209042658],[-98.92099292980241,19.25905855915243],[-98.91937184216022,19.256572362801485],[-98.918698966636,19.25551100811115],[-98.91788845136311,19.254267901274034],[-98.9170702888849,19.253039322280802],[-98.91662222959295,19.252397167149194],[-98.91688962491394,19.252170095067022],[-98.91739227803937,19.25172308625569],[-98.91763343130229,19.2515029575785],[-98.91801806776763,19.251124476540216],[-98.9187384498421,19.250503689731087],[-98.91945884594267,19.249843054441723],[-98.91974628381386,19.249593240205844],[-98.92142507995895,19.248191162316505],[-98.92184882699681,19.24787378641453],[-98.92230732837658,19.247654302482104],[-98.92282565826417,19.247465370212133],[-98.92392530307906,19.247360470794458],[-98.92438365479222,19.247437489837267],[-98.92494982785308,19.24759138105919],[-98.93609588837059,19.2509192297956],[-98.93531487886433,19.256357067171013],[-98.93244864847064,19.259776912942502],[-98.92910875828477,19.26279248919392],[-98.92790893781914,19.266208297874098],[-98.92764997202903,19.26618399816111],[-98.9276358278958,19.26553026962855],[-98.92701695477437,19.26530329505355],[-98.92475818432764,19.26329600823726],[-98.92181717756098,19.260255209042658]]]}},{"type":"Feature","properties":{"id":7038,"entidad":15,"distrito":33,"distrito_l":1,"municipio":26,"seccion":1036,"tipo":2,"control":32758},"geometry":{"type":"Polygon","coordinates":[[[-98.92546665086633,19.2689994617808],[-98.92357375961379,19.266848408202236],[-98.9193411269561,19.262371219178174],[-98.91957121691209,19.262190717451638],[-98.91875917087076,19.260985689456106],[-98.91793926209462,19.259805768152365],[-98.91555349036199,19.256330812045924],[-98.91472003077834,19.25510221578009],[-98.91423593471694,19.254457213638247],[-98.91462869297384,19.254135734941062],[-98.91537250447689,19.25349372163434],[-98.915621801556,19.253269735622354],[-98.91588737278016,19.25304237590903],[-98.91613056435727,19.2528217672178],[-98.91662222959295,19.252397167149194],[-98.9170702888849,19.253039322280802],[-98.91788845136311,19.254267901274034],[-98.918698966636,19.25551100811115],[-98.91937184216022,19.256572362801485],[-98.92099292980241,19.25905855915243],[-98.92181717756098,19.260255209042658],[-98.92475818432764,19.26329600823726],[-98.92701695477437,19.26530329505355],[-98.9276358278958,19.26553026962855],[-98.92764997202903,19.26618399816111],[-98.92740036842679,19.267333360967303],[-98.92602288844854,19.26850786120066],[-98.92546665086633,19.2689994617808]]]}},{"type":"Feature","properties":{"id":7033,"entidad":15,"distrito":33,"distrito_l":1,"municipio":26,"seccion":1037,"tipo":2,"control":32757},"geometry":{"type":"Polygon","coordinates":[[[-98.92546665086633,19.2689994617808],[-98.92421886167007,19.27009200432651],[-98.9234211511725,19.270799197414227],[-98.92302776302448,19.271138922422296],[-98.92190921892563,19.269863277049513],[-98.91702549576081,19.26435319576226],[-98.91540202507207,19.261960237584933],[-98.91454847489669,19.26073522441666],[-98.91387550948535,19.25973649532415],[-98.91218489355064,19.257286458111103],[-98.91171708605141,19.256654441403345],[-98.91219474167633,19.256215245746677],[-98.91295484841919,19.255567454582728],[-98.91346770247651,19.255103074489178],[-98.91423593471694,19.254457213638247],[-98.91472003077834,19.25510221578009],[-98.91555349036199,19.256330812045924],[-98.91793926209462,19.259805768152365],[-98.91875917087076,19.260985689456106],[-98.91957121691209,19.262190717451638],[-98.9193411269561,19.262371219178174],[-98.92357375961379,19.266848408202236],[-98.92546665086633,19.2689994617808]]]}},{"type":"Feature","properties":{"id":7031,"entidad":15,"distrito":33,"distrito_l":1,"municipio":26,"seccion":1038,"tipo":2,"control":32756},"geometry":{"type":"Polygon","coordinates":[[[-98.92302776302448,19.271138922422296],[-98.92208205719973,19.271959920385537],[-98.92095544917488,19.270661737701715],[-98.91610238191306,19.26517706509774],[-98.91513251449923,19.264116866894796],[-98.91419055012048,19.263058441587095],[-98.91316900841163,19.261896630788147],[-98.91236407628342,19.26103873062742],[-98.91138078813103,19.259912881343823],[-98.91039054667412,19.25883476936464],[-98.90983956387721,19.258206652816547],[-98.91171708605141,19.256654441403345],[-98.91218489355064,19.257286458111103],[-98.91387550948535,19.25973649532415],[-98.91454847489669,19.26073522441666],[-98.91540202507207,19.261960237584933],[-98.91702549576081,19.26435319576226],[-98.92190921892563,19.269863277049513],[-98.92302776302448,19.271138922422296]]]}},{"type":"Feature","properties":{"id":7034,"entidad":15,"distrito":33,"distrito_l":1,"municipio":26,"seccion":1039,"tipo":2,"control":32755},"geometry":{"type":"Polygon","coordinates":[[[-98.9185206163932,19.275102898521464],[-98.91745163164437,19.273570645337884],[-98.91326188518666,19.267406747603673],[-98.91300406387624,19.267042757765093],[-98.912546466934,19.266346746248566],[-98.91194896766092,19.265505273928166],[-98.9108845229063,19.26389685812828],[-98.90933988488213,19.26161718851361],[-98.90854622979145,19.260466159119257],[-98.90801127480982,19.259749257323033],[-98.90983956387721,19.258206652816547],[-98.91039054667412,19.25883476936464],[-98.91138078813103,19.259912881343823],[-98.91236407628342,19.26103873062742],[-98.91316900841163,19.261896630788147],[-98.91419055012048,19.263058441587095],[-98.91513251449923,19.264116866894796],[-98.91610238191306,19.26517706509774],[-98.92095544917488,19.270661737701715],[-98.92208205719973,19.271959920385537],[-98.92175501743257,19.272262428016788],[-98.92140072963583,19.27257112517666],[-98.92121997483096,19.272718608623293],[-98.92090183188937,19.273006730020228],[-98.920739154553,19.27313363167476],[-98.92049692589703,19.273363447491377],[-98.92014624210185,19.27368243870547],[-98.91983533453889,19.273946540175604],[-98.91950272186453,19.27425524308213],[-98.9185206163932,19.275102898521464]]]}},{"type":"Feature","properties":{"id":7003,"entidad":15,"distrito":33,"distrito_l":1,"municipio":26,"seccion":1041,"tipo":2,"control":32761},"geometry":{"type":"Polygon","coordinates":[[[-98.89907890598634,19.261783128237322],[-98.8962922577594,19.26059716257756],[-98.89668861210394,19.259685986656883],[-98.89712538316687,19.25874872446328],[-98.89753153776095,19.257815077715968],[-98.89792618011526,19.256928662336644],[-98.898309306,19.256096745999997],[-98.89923499946042,19.25646790115867],[-98.90216507463424,19.257708602068405],[-98.90181259075652,19.258511472892295],[-98.90135671377031,19.259452369862295],[-98.900335388376,19.259008498240153],[-98.89989863922662,19.259938500648406],[-98.89947718560104,19.260875777813183],[-98.89907890598634,19.261783128237322]]]}},{"type":"Feature","properties":{"id":7001,"entidad":15,"distrito":33,"distrito_l":1,"municipio":26,"seccion":1042,"tipo":2,"control":35716},"geometry":{"type":"Polygon","coordinates":[[[-98.89436710476602,19.259755427626967],[-98.89125897006437,19.25834129696611],[-98.88940349309193,19.257115915360362],[-98.88768712731105,19.256091380515848],[-98.88528525309434,19.254699120163668],[-98.884879149107,19.254454361178894],[-98.88372704528534,19.254006784062565],[-98.88166243445451,19.253477390197823],[-98.88017642443674,19.252697734304483],[-98.87799711300418,19.251482522514035],[-98.87651365188874,19.250775048533903],[-98.87398768974876,19.248989505399212],[-98.87459009576824,19.246986744275898],[-98.8749579865197,19.246915793162273],[-98.876690495,19.247455886],[-98.87945313,19.248162668000003],[-98.88226785506781,19.24884519415847],[-98.88501555,19.249561916000005],[-98.88585070058365,19.249763218289424],[-98.88953678800002,19.250563705000005],[-98.891081861,19.250956902999995],[-98.89131439457665,19.250954692567237],[-98.893244787,19.251161537999998],[-98.89332558266835,19.251545138848506],[-98.89323785703813,19.252172144075683],[-98.89297949800002,19.253019188],[-98.89266952,19.253949452],[-98.89477791239813,19.254753797109],[-98.896345031,19.255371724000003],[-98.897288395,19.255754228],[-98.898309306,19.256096745999997],[-98.89792618011552,19.25692866192797],[-98.8975315377612,19.257815077307384],[-98.89712538316712,19.25874872405479],[-98.8966886121042,19.259685986248574],[-98.89629225775965,19.26059716216934],[-98.89530977796568,19.26015339593999],[-98.89436710476602,19.259755427626967]]]}},{"type":"Feature","properties":{"id":7052,"entidad":15,"distrito":33,"distrito_l":1,"municipio":26,"seccion":1044,"tipo":2,"control":35234},"geometry":{"type":"Polygon","coordinates":[[[-98.86693477026408,19.29716686144081],[-98.86757498118074,19.29698668224297],[-98.86806723505508,19.29683793974937],[-98.86910178690343,19.296583902692063],[-98.87201611385065,19.29598858942743],[-98.87820484853866,19.294343071851806],[-98.87896732624492,19.293910499251442],[-98.87778212084642,19.297263550518093],[-98.87654589332685,19.300052860845426],[-98.8753019482368,19.302614052430204],[-98.87463009346196,19.304046258123257],[-98.8742791504607,19.303963942720358],[-98.8620129624384,19.300444300551394],[-98.86189880609486,19.300495591952334],[-98.8616808501178,19.30099894384193],[-98.86124326878642,19.30245416649445],[-98.86107445890225,19.302676465422625],[-98.86073250314566,19.30309962965536],[-98.86074607285225,19.303152239531865],[-98.86003113530593,19.304151203046963],[-98.85973457224628,19.30475124663423],[-98.85964598358436,19.304835220061367],[-98.85952426371017,19.304845631621415],[-98.85303200075755,19.304393885803062],[-98.85320052342516,19.30290169284164],[-98.85319247527903,19.302771194693868],[-98.8532932051216,19.30175061805728],[-98.85334113868524,19.30108241272174],[-98.85401875830051,19.300827282210932],[-98.85758594394878,19.299694929864646],[-98.85895777945555,19.29936228833345],[-98.86325222355252,19.29810319573679],[-98.86693477026408,19.29716686144081]]]}},{"type":"Feature","properties":{"id":7002,"entidad":15,"distrito":33,"distrito_l":1,"municipio":26,"seccion":1045,"tipo":2,"control":35233},"geometry":{"type":"Polygon","coordinates":[[[-98.86693477026408,19.29716686144081],[-98.86325222355252,19.29810319573679],[-98.85895777945555,19.29936228833345],[-98.85958983425725,19.298090973688016],[-98.86040024276285,19.29651978473812],[-98.86049958931348,19.296462514669823],[-98.86056256791133,19.29646500975641],[-98.86061174101293,19.296417608107024],[-98.86087841762055,19.295150352149598],[-98.86159342009817,19.292396767067125],[-98.86226091989585,19.293200230857916],[-98.8627402424959,19.293630715970654],[-98.8632791331294,19.294124900600046],[-98.86372361468155,19.294222356027035],[-98.86413660790461,19.29433846449172],[-98.86428311243543,19.293788791132716],[-98.86552169898746,19.294165709779215],[-98.86564764158261,19.293962296024834],[-98.86652313035046,19.29497016834282],[-98.86741634090339,19.296048002238816],[-98.86720011340442,19.296518288544195],[-98.86693477026408,19.29716686144081]]]}},{"type":"Feature","properties":{"id":7050,"entidad":15,"distrito":33,"distrito_l":1,"municipio":26,"seccion":1046,"tipo":3,"control":35718},"geometry":{"type":"Polygon","coordinates":[[[-98.84962684286413,19.297343959282205],[-98.85061969496684,19.29720159855895],[-98.85097270126973,19.295925237366582],[-98.85300886140124,19.295401910191988],[-98.8527854532849,19.294691858140602],[-98.85271338974317,19.294227273067467],[-98.85276816430212,19.293762790243026],[-98.85250061194397,19.293664199872488],[-98.85261981599925,19.29344830629522],[-98.85261937008455,19.2931960483416],[-98.85291841039619,19.292907511315324],[-98.85324803595525,19.292804060619304],[-98.85402553767352,19.29238079019659],[-98.8541747796502,19.291894216847375],[-98.85624955699959,19.289871273814995],[-98.85486832140255,19.28937585696235],[-98.85553117690458,19.287316648714942],[-98.8558648215923,19.286940186997494],[-98.85649454734478,19.28596350848068],[-98.85735913511368,19.285021143283387],[-98.85748866608385,19.284840584103144],[-98.85771713013095,19.28466010270889],[-98.85793812052532,19.284320634879556],[-98.858798158,19.283734686000003],[-98.85876867556172,19.283970548150627],[-98.8590176859755,19.28395964361282],[-98.85925453835267,19.283774554686612],[-98.8594561360608,19.283671443767766],[-98.85970879929302,19.283698960531062],[-98.86023032754386,19.283508012996194],[-98.86073897307848,19.28342031863513],[-98.86122205009104,19.28330830836276],[-98.86147672163686,19.283260484037893],[-98.86210884939742,19.283171465623987],[-98.86253961387939,19.282962151865487],[-98.8627894063003,19.282957340051677],[-98.86388543427208,19.282620512742756],[-98.86675825536543,19.283452687239798],[-98.8676461349555,19.28151740992699],[-98.86940903962171,19.28185021338595],[-98.8719064879,19.28312595371377],[-98.87384568303025,19.285135748216746],[-98.87536065693506,19.286555453854724],[-98.87668836679111,19.287725319490036],[-98.8793053370893,19.288145468738207],[-98.87972981271307,19.28829951167114],[-98.87962780840611,19.29304675686982],[-98.87896732624492,19.293910499251442],[-98.87820484853866,19.294343071851806],[-98.87201611385065,19.29598858942743],[-98.86910178690343,19.296583902692063],[-98.86806723505508,19.29683793974937],[-98.86757498118074,19.29698668224297],[-98.86693477026408,19.29716686144081],[-98.86720011340442,19.296518288544195],[-98.86741634090339,19.296048002238816],[-98.86652313035046,19.29497016834282],[-98.86564764158261,19.293962296024834],[-98.86552169898746,19.294165709779215],[-98.86428311243543,19.293788791132716],[-98.86413660790461,19.29433846449172],[-98.86372361468155,19.294222356027035],[-98.8632791331294,19.294124900600046],[-98.8627402424959,19.293630715970654],[-98.86226091989585,19.293200230857916],[-98.86159342009817,19.292396767067125],[-98.86087841762055,19.295150352149598],[-98.86061174101293,19.296417608107024],[-98.86056256791133,19.29646500975641],[-98.86049958931348,19.296462514669823],[-98.86040024276285,19.29651978473812],[-98.85958983425725,19.298090973688016],[-98.85895777945555,19.29936228833345],[-98.85758594394878,19.299694929864646],[-98.85583158684348,19.29878482092284],[-98.8543000645162,19.298354183618454],[-98.85410298860877,19.297987127640276],[-98.85335849758964,19.297883902912524],[-98.85143528499847,19.29853856993477],[-98.85093256155143,19.298621679319258],[-98.85048022165317,19.29857358425826],[-98.85001529409091,19.2985493403426],[-98.84969405789447,19.298463883653948],[-98.84962684286413,19.297343959282205]]]}},{"type":"Feature","properties":{"id":7035,"entidad":15,"distrito":33,"distrito_l":1,"municipio":26,"seccion":1047,"tipo":3,"control":35717},"geometry":{"type":"Polygon","coordinates":[[[-98.857920002,19.268305981999998],[-98.8583761442284,19.26706583356333],[-98.85913402370896,19.267070907171597],[-98.86237093167539,19.267423511618105],[-98.86307022830485,19.267493608311202],[-98.86547881677856,19.26787027868324],[-98.86545158192425,19.26799769408226],[-98.86568790931705,19.26806474285881],[-98.86726600808214,19.268357319017348],[-98.86769088082657,19.268486539987816],[-98.868185489523,19.26859016050363],[-98.86831592158134,19.26860844647022],[-98.86869301228461,19.268677933124696],[-98.86982428439438,19.268851040100568],[-98.87025303135839,19.268933936334207],[-98.87063076776492,19.268986965520455],[-98.87369966379362,19.26948839205866],[-98.8737200550114,19.269437864259956],[-98.8783896439524,19.270216538272635],[-98.87803566515097,19.27188154684533],[-98.87922823279602,19.27212516120409],[-98.87927188274723,19.2722830592061],[-98.8790360561861,19.273836065671343],[-98.87917024526963,19.27384879763517],[-98.87895449131379,19.27511928242237],[-98.87825480876806,19.27499561576758],[-98.87794002821407,19.27684519310301],[-98.87760527238382,19.278923961010353],[-98.8777938911511,19.27894080277224],[-98.87622716589495,19.2810355836534],[-98.87723499122858,19.28177741195742],[-98.8751238629312,19.284373082851374],[-98.87635690573975,19.285397836557703],[-98.87536065693506,19.286555453854724],[-98.87384568303025,19.285135748216746],[-98.8719064879,19.28312595371377],[-98.86940903962171,19.28185021338595],[-98.8676461349555,19.28151740992699],[-98.86675825536543,19.283452687239798],[-98.86388543427208,19.282620512742756],[-98.8627894063003,19.282957340051677],[-98.86253961387939,19.282962151865487],[-98.86210884939742,19.283171465623987],[-98.86147672163686,19.283260484037893],[-98.86122205009104,19.28330830836276],[-98.86073897307848,19.28342031863513],[-98.86023032754386,19.283508012996194],[-98.85970879929302,19.283698960531062],[-98.8594561360608,19.283671443767766],[-98.85925453835267,19.283774554686612],[-98.8590176859755,19.28395964361282],[-98.85876867556172,19.283970548150627],[-98.858798158,19.283734686000003],[-98.858871334,19.283654705999997],[-98.85900694856822,19.28278884353279],[-98.85907736400127,19.28261932570578],[-98.85920776295407,19.281878658036145],[-98.85938771350521,19.28091370781793],[-98.85979229542697,19.27824150764004],[-98.86012470691745,19.27649901593218],[-98.8603449176839,19.27481453931067],[-98.8604482831951,19.274139616264417],[-98.859525158,19.273234062999993],[-98.85999524671176,19.270404024381246],[-98.85954558825371,19.269878724959007],[-98.857920002,19.268305981999998]]]}},{"type":"Feature","properties":{"id":7051,"entidad":15,"distrito":33,"distrito_l":1,"municipio":26,"seccion":1048,"tipo":2,"control":35706},"geometry":{"type":"Polygon","coordinates":[[[-98.82702727215087,19.317196998579835],[-98.82187437975418,19.317266314729075],[-98.81614064754612,19.318541235487494],[-98.81295637441225,19.31695508932119],[-98.81551156453133,19.315687755333673],[-98.81681234432816,19.313070470800113],[-98.81537006445105,19.312964635997734],[-98.81476271879201,19.313036456808668],[-98.80728823480955,19.312817741495117],[-98.8096807749049,19.31018656763014],[-98.80661809266957,19.308599911482418],[-98.80497931015277,19.304911800954965],[-98.80689556010842,19.30296849892839],[-98.81449467569578,19.30348136999535],[-98.8157016900301,19.302778433220077],[-98.81622124843021,19.301222961934386],[-98.81447008139507,19.29685606407488],[-98.81597443794514,19.29644501032074],[-98.81628753227675,19.29161715223577],[-98.81493889406197,19.29166446104379],[-98.81509830075244,19.2913355686522],[-98.81428735562663,19.288482523095077],[-98.81506523433397,19.28897337687214],[-98.81731038813085,19.289312009239545],[-98.82047122182104,19.287940007185707],[-98.82225762341207,19.285539422778683],[-98.82453372631008,19.2810966483019],[-98.8268575899175,19.279758854320715],[-98.8271400774039,19.27966063194578],[-98.82757169926913,19.27922496648383],[-98.82784899895093,19.278859172303783],[-98.8283703488285,19.278136546558223],[-98.82868937968195,19.277974373168426],[-98.82960713252903,19.277923535277264],[-98.83012138108022,19.27699348830407],[-98.83045163463804,19.27674501000782],[-98.83069953533459,19.276720720685116],[-98.83103222173479,19.27609334732736],[-98.8314369065296,19.275820471330483],[-98.8318573131849,19.275716505120986],[-98.8321360765175,19.275809934062117],[-98.83270449968988,19.27588071699717],[-98.83228994665443,19.27801575043783],[-98.83183326745365,19.280152236325357],[-98.83287520051819,19.280184774950065],[-98.83306522812101,19.279237882813955],[-98.834430428109,19.27922266303983],[-98.83498514456693,19.27924785742738],[-98.83557016988127,19.27930188549616],[-98.8361145366551,19.279321955681677],[-98.83681824043315,19.279401774823427],[-98.83744661834399,19.279443489273337],[-98.83784146096896,19.278246224260954],[-98.838044343,19.277579722],[-98.83858421639545,19.277706261534306],[-98.84107141097722,19.277971920770657],[-98.841385657038,19.277941854742586],[-98.84196431418356,19.27790655290937],[-98.8438031736382,19.277919854389474],[-98.84446466965551,19.277803933635106],[-98.84459608333468,19.277790789021324],[-98.844959661,19.277707563999993],[-98.845134276413,19.27793307647855],[-98.84696710461306,19.27974016599665],[-98.84755891060482,19.28036016981009],[-98.84838353238555,19.281029713064246],[-98.84939053555331,19.28182797351399],[-98.85113233679859,19.28378505462752],[-98.85204237908597,19.28453852987867],[-98.85229787002092,19.284398185847852],[-98.85198213195852,19.28472551002447],[-98.85186643077915,19.284686166821416],[-98.85171764091001,19.284670346350865],[-98.85156880863227,19.284701625039844],[-98.85141993381805,19.28478000288683],[-98.85079123753022,19.285234783871307],[-98.85036105840229,19.28556412720204],[-98.85006317731956,19.28586217858641],[-98.84930228783013,19.286222647198755],[-98.84869043146993,19.286332039833503],[-98.84824395721807,19.28639446856804],[-98.8477975116496,19.28642549669992],[-98.847450385954,19.286331008570787],[-98.8471859157461,19.28625228870753],[-98.84668983935593,19.28631467214478],[-98.84624880633817,19.286619368739718],[-98.84594464999604,19.28676345364958],[-98.84565329595841,19.286763207722785],[-98.84533656161446,19.28681105355941],[-98.8449946956917,19.28664236581403],[-98.84458959489199,19.286365367790673],[-98.84433630101908,19.286305009998408],[-98.84371567191076,19.286220281125026],[-98.84276560764742,19.286219465502196],[-98.84211947174317,19.286315136078084],[-98.84168878728363,19.286302734537795],[-98.84122011190775,19.286278271350024],[-98.84070060372544,19.28642216021454],[-98.8404091105163,19.286566246925133],[-98.84004169321116,19.286626067719],[-98.8397756512037,19.286649891433118],[-98.83940822176457,19.286721739364943],[-98.8386733972848,19.28682934775828],[-98.83848331300268,19.286901350348938],[-98.83835647201357,19.287069636109965],[-98.83821704586803,19.287153711660892],[-98.83802700832908,19.287177599709036],[-98.83779897979394,19.28718942621629],[-98.83759626269986,19.2872253313862],[-98.83730472974393,19.287405498340853],[-98.83693710704598,19.287669795883033],[-98.8368231579497,19.287609552016583],[-98.83618987234378,19.287512757447384],[-98.83598708264836,19.287620831703435],[-98.83569977198886,19.287677233682473],[-98.83423908462252,19.28966203361907],[-98.8324773933906,19.291935490018446],[-98.83121918438809,19.294198403905995],[-98.83066731364573,19.296317587462287],[-98.83784235240688,19.30086371754318],[-98.83851801742588,19.301195927324866],[-98.83953203637586,19.301164730023874],[-98.84017169142822,19.30107560931505],[-98.84134877319998,19.300938077108086],[-98.84227017449344,19.3007985298586],[-98.84280891227644,19.300593136418332],[-98.84417349683045,19.29980407671206],[-98.84513920609642,19.299233808088207],[-98.84590873614233,19.299028601012594],[-98.84636251799819,19.29921879274656],[-98.84674942016724,19.299415554472805],[-98.84712296958728,19.299618640864278],[-98.84731629510537,19.299853259186087],[-98.84833209969814,19.30057210907102],[-98.8481251909562,19.301018146005255],[-98.84775465681966,19.301301788518977],[-98.84770461855875,19.301511329751836],[-98.84773256312756,19.30209277675098],[-98.84778645932386,19.302651970459674],[-98.84125284777473,19.305146147935524],[-98.83787760611052,19.306410855224073],[-98.83593273066298,19.30721985958328],[-98.83370807218012,19.311030955964597],[-98.83248662257375,19.31259658121083],[-98.83187756308477,19.312529547564978],[-98.83101469355373,19.312118903839707],[-98.82702727215087,19.317196998579835]]]}},{"type":"Feature","properties":{"id":7044,"entidad":15,"distrito":33,"distrito_l":1,"municipio":26,"seccion":1049,"tipo":2,"control":35294},"geometry":{"type":"Polygon","coordinates":[[[-98.80772065474015,19.287202281406493],[-98.80858633204804,19.286859597617855],[-98.80915081453952,19.2863553385279],[-98.80966667696129,19.28609580322917],[-98.81056951587907,19.28556894416202],[-98.8109805191139,19.285424034431895],[-98.81122236273511,19.28527129982432],[-98.81135689885352,19.285076229349144],[-98.81276210446937,19.28428613312373],[-98.8134231797976,19.283827855307933],[-98.81395504367,19.28365246524494],[-98.81469652192497,19.283324301611827],[-98.81507541419305,19.28307226068856],[-98.81526925215509,19.282621151808428],[-98.81568836790159,19.282415045661065],[-98.8159546938445,19.281971658344858],[-98.81637384971359,19.281727304443184],[-98.81671260331078,19.28134518264379],[-98.81716388470574,19.281185001145396],[-98.81768783308794,19.28087190544643],[-98.8182844465808,19.280405896108324],[-98.81854258899914,19.28006958607227],[-98.8190744941811,19.27984063626633],[-98.81942904652719,19.279733897586418],[-98.81968720229864,19.279382287821576],[-98.82093202990806,19.279331395181465],[-98.82116073221405,19.279382137056803],[-98.8215331714382,19.279342086744172],[-98.82192143926093,19.279423293937796],[-98.82236839562178,19.279347952262693],[-98.82207091568277,19.278943522750403],[-98.82206584122564,19.278716188988728],[-98.82214065261404,19.278408104551932],[-98.82223112367636,19.278377882473244],[-98.82249180980241,19.27836803276792],[-98.82271300589052,19.27833541118921],[-98.82307220397321,19.27824114479424],[-98.82390325494381,19.278288776255412],[-98.82392388714497,19.27812596276425],[-98.82428817402345,19.27795853876578],[-98.82465454959829,19.27767997896044],[-98.82536095571963,19.277241957106913],[-98.82594995767103,19.276931556005227],[-98.82691222605328,19.276437290285664],[-98.82744867476879,19.276178228590773],[-98.82975901837828,19.274961623479744],[-98.832861749,19.273355845999998],[-98.83421907646188,19.273589190776395],[-98.83552220989884,19.273763179115974],[-98.83551121335302,19.27382062884912],[-98.83632432860968,19.273999442137878],[-98.83649567599204,19.27407664355173],[-98.83711589658353,19.274210826188266],[-98.83696485669805,19.275064459660662],[-98.83779129403553,19.275250181638786],[-98.8387011872443,19.275265757134036],[-98.83877111874412,19.275328592430984],[-98.838044343,19.277579722],[-98.83784146096896,19.278246224260954],[-98.83744661834399,19.279443489273337],[-98.83681824043315,19.279401774823427],[-98.8361145366551,19.279321955681677],[-98.83557016988127,19.27930188549616],[-98.83498514456693,19.27924785742738],[-98.834430428109,19.27922266303983],[-98.83306522812101,19.279237882813955],[-98.83287520051819,19.280184774950065],[-98.83183326745365,19.280152236325357],[-98.83228994665443,19.27801575043783],[-98.83270449968988,19.27588071699717],[-98.8321360765175,19.275809934062117],[-98.8318573131849,19.275716505120986],[-98.8314369065296,19.275820471330483],[-98.83103222173479,19.27609334732736],[-98.83069953533459,19.276720720685116],[-98.83045163463804,19.27674501000782],[-98.83012138108022,19.27699348830407],[-98.82960713252903,19.277923535277264],[-98.82868937968195,19.277974373168426],[-98.8283703488285,19.278136546558223],[-98.82784899895093,19.278859172303783],[-98.82757169926913,19.27922496648383],[-98.8271400774039,19.27966063194578],[-98.8268575899175,19.279758854320715],[-98.82453372631008,19.2810966483019],[-98.82225762341207,19.285539422778683],[-98.82047122182104,19.287940007185707],[-98.81731038813085,19.289312009239545],[-98.81506523433397,19.28897337687214],[-98.81428735562663,19.288482523095077],[-98.8154026428348,19.28694341388709],[-98.81508272865959,19.28569447850726],[-98.81314091564799,19.285389475109582],[-98.81098612266642,19.286564031517376],[-98.80772065474015,19.287202281406493]]]}},{"type":"Feature","properties":{"id":7005,"entidad":15,"distrito":33,"distrito_l":1,"municipio":26,"seccion":1050,"tipo":3,"control":35337},"geometry":{"type":"Polygon","coordinates":[[[-98.76353311599826,19.272715375207806],[-98.76657354641914,19.27157387959814],[-98.7684649782985,19.271386408580756],[-98.770694951117,19.27090011363031],[-98.77272294074885,19.271675436667763],[-98.7781556374561,19.271423006904584],[-98.77898403999322,19.272510399991244],[-98.77956694048673,19.27272700804755],[-98.78077622191392,19.271669546293992],[-98.78247171966119,19.27095490311155],[-98.78511574337037,19.27096056052493],[-98.78753943226299,19.270393402121652],[-98.7883105531099,19.268923995750367],[-98.79138408989101,19.268694705004876],[-98.7929622104376,19.26841174186158],[-98.79418767834802,19.26820368041524],[-98.79687671204428,19.267664352984127],[-98.79857379550948,19.267304851931737],[-98.80015591094916,19.266592885767405],[-98.80040882901162,19.26637285833822],[-98.8011229505997,19.266569478608087],[-98.80203543929561,19.266653744365897],[-98.80269005075137,19.26678014292126],[-98.80328515207478,19.266925267068387],[-98.80400919201827,19.266915904224074],[-98.80476298702791,19.26691590422407],[-98.80583261455126,19.26711511699168],[-98.80678633152756,19.267496399560812],[-98.807738493645,19.26766493007997],[-98.80862122727476,19.26767429288152],[-98.8119438763305,19.267791327855633],[-98.81243979410006,19.266864408570743],[-98.81281476303592,19.266274548114747],[-98.81354128256825,19.26628235051566],[-98.81367359790679,19.265897731313498],[-98.8136669163088,19.265552045214836],[-98.81369749666568,19.26523838598433],[-98.81420663890906,19.265253990884286],[-98.81429075447456,19.26513865601216],[-98.81432565917373,19.264901319783174],[-98.81537369872665,19.264895077809875],[-98.81577704517919,19.264935650631646],[-98.8163721465026,19.26504176411785],[-98.81665812574965,19.26528832165893],[-98.8168738499794,19.265489624692787],[-98.8176578133199,19.264686361693382],[-98.81824079220894,19.265983128177638],[-98.81937103417738,19.26811646487735],[-98.81940256772465,19.268001648544335],[-98.81944761564928,19.267950619037155],[-98.81971790319723,19.267752879546837],[-98.81999494793382,19.26763381049132],[-98.82041614602937,19.267521120055584],[-98.82059633772796,19.2674339443823],[-98.82073598629441,19.267329758760837],[-98.82089590642694,19.267063978814097],[-98.82104005978586,19.26693427804364],[-98.82140720037177,19.266878995716798],[-98.82166172114604,19.266749294800025],[-98.82179236012755,19.266698264902942],[-98.82196354224125,19.266598331308504],[-98.82211445278884,19.266470756418617],[-98.82248835056346,19.266264510136548],[-98.82263700871484,19.266230490106356],[-98.82286900552681,19.26610504118393],[-98.82315505984838,19.26609440991486],[-98.8234523761511,19.266037001050183],[-98.82381501194456,19.265843511765738],[-98.82418890971918,19.265788229071067],[-98.82445018768219,19.26571593628833],[-98.82473173721128,19.265690421180977],[-98.82493670526847,19.265654274772043],[-98.82510338258969,19.265594739492844],[-98.8252633027222,19.265573476887926],[-98.82540295128865,19.265579855669717],[-98.82552683308143,19.265571350627255],[-98.82561242413828,19.26554583549743],[-98.8256310064072,19.265533609496238],[-98.82565071487426,19.265507031229774],[-98.82574193692167,19.265474074173238],[-98.82605614619612,19.26543526988859],[-98.82614308904513,19.265649403923437],[-98.827735479066,19.26763573837323],[-98.82766829879984,19.267659325296247],[-98.82760635790343,19.26766676711353],[-98.82732368217624,19.267650288803292],[-98.82703016195545,19.26765425368174],[-98.82675478230492,19.267685359395436],[-98.82643939022654,19.2678320005375],[-98.82626449284777,19.26805055180714],[-98.82619804715891,19.26822702867757],[-98.82613160147005,19.268366296435175],[-98.82602911744146,19.268560845852665],[-98.82595478836578,19.26885320110039],[-98.82588834267693,19.268942502235674],[-98.8254592611946,19.269268876209352],[-98.82512703275026,19.26955059914917],[-98.82486086071991,19.27073739368988],[-98.82593939699225,19.270690331823783],[-98.82619917335703,19.270904988711067],[-98.82654007832875,19.271058111459297],[-98.82672172928301,19.271279197982192],[-98.82623220850247,19.273248832269157],[-98.82668583894292,19.273128080310972],[-98.82660460467919,19.274439743902676],[-98.82762427056188,19.274567664363502],[-98.82911471402673,19.274742284836854],[-98.82939194501719,19.27478311605773],[-98.82975901837787,19.274961623886067],[-98.82744867476839,19.276178228996915],[-98.82691222605287,19.276437290691806],[-98.82594995767059,19.27693155641128],[-98.8253609557192,19.277241957512967],[-98.82465454959787,19.277679979366493],[-98.82428817402298,19.277958539171742],[-98.82392388714453,19.278125963170123],[-98.8239032549434,19.278288776661274],[-98.82307220397321,19.27824114479424],[-98.82271300589007,19.27833541159508],[-98.82249180980241,19.27836803276792],[-98.82223112367593,19.27837788287911],[-98.82214065261361,19.278408104957617],[-98.82206584122564,19.278716188988728],[-98.82207091568277,19.278943522750403],[-98.82236839562178,19.279347952262693],[-98.82192143926093,19.279423293937796],[-98.8215331714382,19.279342086744172],[-98.82116073221405,19.279382137056803],[-98.82093202990806,19.279331395181465],[-98.81968720229864,19.279382287821576],[-98.81942904652719,19.279733897586418],[-98.8190744941811,19.27984063626633],[-98.81854258899914,19.28006958607227],[-98.8182844465808,19.280405896108324],[-98.81768783308794,19.28087190544643],[-98.81716388470574,19.281185001145396],[-98.8167126033108,19.28134518264379],[-98.81637384971359,19.281727304443184],[-98.8159546938445,19.281971658344858],[-98.81568836790159,19.282415045661065],[-98.81526925215509,19.282621151808428],[-98.81507541419305,19.28307226068856],[-98.81469652192497,19.283324301611827],[-98.81395504367,19.28365246524494],[-98.8134231797976,19.283827855307933],[-98.81276210446937,19.28428613312373],[-98.81135689885352,19.285076229349144],[-98.81122236273511,19.28527129982432],[-98.8109805191139,19.285424034431895],[-98.81056951587907,19.28556894416202],[-98.80966667696129,19.28609580322917],[-98.80915081453952,19.2863553385279],[-98.80858633204804,19.286859597617855],[-98.80772065473968,19.287202281811183],[-98.80477018916143,19.2873168253673],[-98.8022013766581,19.28779990620883],[-98.79484328857629,19.292574939213853],[-98.79306627896129,19.295743218598204],[-98.78960853699738,19.297608689773245],[-98.7861263120323,19.297364158951716],[-98.78752945326936,19.296214521113605],[-98.78963751791832,19.29548746164954],[-98.79063885608399,19.293891522048128],[-98.78854651752268,19.292176338821076],[-98.78608730434912,19.29238811380626],[-98.78696738373051,19.29080389295663],[-98.7804287921515,19.294972321088554],[-98.77612516479273,19.295643296645412],[-98.77562511964105,19.295704787756065],[-98.77311003746486,19.29584432141904],[-98.76951306360891,19.298202775433705],[-98.7615493906395,19.30075347650319],[-98.75745508779814,19.302527631155392],[-98.75573436202492,19.303081497953123],[-98.7540820920181,19.30163995093609],[-98.74941731874414,19.303254859014423],[-98.74887383906827,19.300240417230942],[-98.7475842853275,19.299062061391115],[-98.7447708989483,19.299342830705484],[-98.74347795006891,19.300916237673885],[-98.74362861957574,19.302509647265172],[-98.74532397135022,19.305395670846547],[-98.74487260328944,19.310203411209887],[-98.74340993914883,19.312290316654714],[-98.73952467192338,19.312813947881494],[-98.7368941981575,19.315754275497042],[-98.73295514466066,19.315360591645668],[-98.72712318271704,19.315807031599867],[-98.7260086767403,19.317024809854455],[-98.72227642192708,19.324736704784012],[-98.72131284359295,19.32468119163822],[-98.72063986564629,19.32279063353004],[-98.71901392103449,19.322724789244575],[-98.71866057553706,19.322209565039675],[-98.71746732109204,19.322360728853607],[-98.71732012135703,19.321822137574536],[-98.71786254604113,19.321477208364353],[-98.71798201280775,19.320869272318447],[-98.72112893855216,19.31933826481929],[-98.72113650686137,19.31858179467391],[-98.7154028220361,19.316069955624616],[-98.70887582237427,19.311931124650236],[-98.7073958606315,19.31028278447191],[-98.70642487543567,19.30686772560612],[-98.70497761667266,19.305609018793536],[-98.70608949150288,19.301706722379752],[-98.7052937626942,19.298756728639034],[-98.70504251778092,19.28967124952632],[-98.70560861368229,19.28760688006533],[-98.70349597285625,19.288573718329054],[-98.70090315011782,19.287890330420748],[-98.70060279045275,19.285563351212417],[-98.70243991767818,19.284275685839102],[-98.7085614445293,19.27727082563399],[-98.70841575394444,19.27555154272952],[-98.70437471480017,19.27069721265486],[-98.698007618751,19.264906758380665],[-98.69765356876341,19.261616742498003],[-98.69494963893372,19.259350880467903],[-98.69345044783489,19.2601551623607],[-98.69239725082893,19.25956757014653],[-98.69227081137916,19.259129431208823],[-98.69412473372496,19.25764622468664],[-98.69412731454804,19.256740361960382],[-98.69382985294425,19.25563707919758],[-98.7124679358562,19.25859860684012],[-98.71754604859103,19.265983664597236],[-98.71965024071103,19.267986338192365],[-98.72209203834127,19.26931178631736],[-98.725333033506,19.27021147753845],[-98.72892436824229,19.27065189855562],[-98.73182627568653,19.271712651313265],[-98.73488671219833,19.2719345698277],[-98.74056911576311,19.271446664182754],[-98.74420911031362,19.27163116616991],[-98.746524815562,19.271385772359793],[-98.74894094489404,19.27218349535861],[-98.7500547049852,19.273431010149146],[-98.75241445097835,19.273655547838853],[-98.75683348288261,19.27496503700668],[-98.76083521462787,19.27301885709433],[-98.76169464709949,19.272792382842272],[-98.76353311599826,19.272715375207806]]]}},{"type":"Feature","properties":{"id":7045,"entidad":15,"distrito":33,"distrito_l":1,"municipio":26,"seccion":1051,"tipo":2,"control":35339},"geometry":{"type":"Polygon","coordinates":[[[-98.832666695,19.265689561],[-98.83254469209001,19.26596433656789],[-98.83199578577171,19.26640209243607],[-98.83082165474902,19.267264043606154],[-98.83071861508007,19.26735328571051],[-98.83054429254328,19.267718902178544],[-98.8304890726735,19.267909325215875],[-98.83062349089366,19.268376364465517],[-98.83038130681078,19.26914140798371],[-98.83014052425071,19.269858879690187],[-98.83178106012676,19.26955883682748],[-98.83226943674201,19.269527228805792],[-98.83302551291608,19.269596308610165],[-98.83376581300325,19.269688879221395],[-98.83361424366672,19.270400321073677],[-98.83336446998355,19.271497496439206],[-98.8331995772186,19.272091053965895],[-98.83317328985976,19.272239274359777],[-98.8332503369878,19.273136873450436],[-98.832861749,19.273355845999998],[-98.82975901837787,19.274961623886067],[-98.82939194501719,19.27478311605773],[-98.82911471402673,19.274742284836854],[-98.82762427056188,19.274567664363502],[-98.82660460467919,19.274439743902676],[-98.82668583894292,19.273128080310972],[-98.82623220850247,19.273248832269157],[-98.82672172928301,19.271279197982192],[-98.82654007832875,19.271058111459297],[-98.82619917335703,19.270904988711067],[-98.82593939699225,19.270690331823783],[-98.82486086071991,19.27073739368988],[-98.82512703275026,19.26955059914917],[-98.8254592611946,19.269268876209352],[-98.82588834267693,19.268942502235674],[-98.82595478836578,19.26885320110039],[-98.82602911744146,19.268560845852665],[-98.82613160147005,19.268366296435175],[-98.82619804715891,19.26822702867757],[-98.82626449284777,19.26805055180714],[-98.82643939022654,19.2678320005375],[-98.82675478230492,19.267685359395436],[-98.82703016195545,19.26765425368174],[-98.82732368217624,19.267650288803292],[-98.82760635790343,19.26766676711353],[-98.82766829879984,19.267659325296247],[-98.827735479066,19.26763573837323],[-98.82614308904513,19.265649403923437],[-98.82605614619612,19.26543526988859],[-98.82603362223378,19.26517055000307],[-98.82604826280934,19.26431153634604],[-98.82623521169664,19.264381703471972],[-98.82660235228259,19.26442635526379],[-98.8269041733778,19.264488017241934],[-98.82716995613328,19.264485890967215],[-98.82733438105825,19.264556058018606],[-98.82751457275687,19.264604962309317],[-98.82782315104075,19.26457519448187],[-98.8284876079294,19.264698518303106],[-98.82871509994891,19.264624098766905],[-98.82902818302529,19.264590078396274],[-98.82917008398793,19.264530542730675],[-98.82971741627249,19.264475259593237],[-98.82984355046149,19.264643235222337],[-98.83009581883957,19.264628351312734],[-98.83030754408546,19.264643235222334],[-98.8305237741238,19.264772937805535],[-98.83073775176591,19.26476868526342],[-98.83096073899297,19.26474529628004],[-98.83117246423882,19.26485160981425],[-98.83122877414465,19.264838852193748],[-98.83128733644672,19.264768685263494],[-98.8313639179186,19.264760180178968],[-98.8314247326169,19.26470489711895],[-98.8315013140888,19.264698518303163],[-98.831609429108,19.264719781021512],[-98.8316589818251,19.26478569543116],[-98.83169051537236,19.264849483544214],[-98.83177160163676,19.26487074624304],[-98.83189998822202,19.26483247338315],[-98.83198107448638,19.264781442889337],[-98.83212522784527,19.264734664922774],[-98.83227613839288,19.264721907293275],[-98.832666695,19.265689561]]]}},{"type":"Feature","properties":{"id":7067,"entidad":15,"distrito":33,"distrito_l":1,"municipio":26,"seccion":1053,"tipo":2,"control":35197},"geometry":{"type":"Polygon","coordinates":[[[-98.87369966379362,19.26948839205866],[-98.87063076776492,19.268986965520455],[-98.87025303135839,19.268933936334207],[-98.86982428439438,19.268851040100568],[-98.86869301228461,19.268677933124696],[-98.86831592158134,19.26860844647022],[-98.868185489523,19.26859016050363],[-98.86769088082657,19.268486539987816],[-98.86726600808214,19.268357319017348],[-98.86568790931705,19.26806474285881],[-98.86545158192425,19.26799769408226],[-98.86547881677856,19.26787027868324],[-98.86307022830485,19.267493608311202],[-98.86237093167539,19.267423511618105],[-98.85913402370896,19.267070907171597],[-98.8583761442284,19.26706583356333],[-98.857920002,19.268305981999998],[-98.855571205,19.266180486000003],[-98.85454730754664,19.265405445507145],[-98.854172254,19.265345775999972],[-98.85336277400002,19.264196763999976],[-98.85370916128464,19.263179212824515],[-98.85396640298141,19.262041893110002],[-98.85434927603164,19.262370869629017],[-98.85454592793162,19.262529733291544],[-98.85469825068351,19.262642270555723],[-98.85495243586199,19.262786076979623],[-98.85524881218633,19.261846356765922],[-98.85610786593375,19.2619645286632],[-98.8569880032352,19.26211415400774],[-98.85875052338072,19.262385089537545],[-98.85924605298861,19.262479332691534],[-98.85975019187869,19.262554830572565],[-98.86014706000002,19.262621404999962],[-98.86061671820487,19.26070780873218],[-98.86026589598718,19.26062898963821],[-98.86031976245968,19.260423053747775],[-98.860462834,19.260450082000006],[-98.86085373,19.258945413999992],[-98.86299666389513,19.259388757361304],[-98.86313501145509,19.258439377194243],[-98.86542986198448,19.25896573010303],[-98.86532975909726,19.259831507706057],[-98.86846660814587,19.259539549548922],[-98.86927885833289,19.259436882820683],[-98.87134176989575,19.259273257589683],[-98.87146937431592,19.261063200050366],[-98.87245579949031,19.26098620113388],[-98.87263804600194,19.26294245401555],[-98.87451722419335,19.26282455013627],[-98.87417630851604,19.265845509519],[-98.87394499563591,19.26762725993984],[-98.8737200550114,19.269437864259956],[-98.87369966379362,19.26948839205866]]]}},{"type":"Feature","properties":{"id":7047,"entidad":15,"distrito":33,"distrito_l":1,"municipio":26,"seccion":1056,"tipo":2,"control":35338},"geometry":{"type":"Polygon","coordinates":[[[-98.83056888109535,19.261415860740588],[-98.8332700697782,19.26197700422152],[-98.83299074145503,19.264028403678658],[-98.83431232139397,19.264284319928183],[-98.834322257,19.26439238299999],[-98.83378973062533,19.26475721280067],[-98.83289495318427,19.265508083017103],[-98.832666695,19.265689561],[-98.83227613839288,19.264721907293275],[-98.83212522784527,19.264734664922774],[-98.83198107448638,19.264781442889337],[-98.83189998822202,19.26483247338315],[-98.83177160163676,19.26487074624304],[-98.83169051537236,19.264849483544214],[-98.8316589818251,19.26478569543116],[-98.831609429108,19.264719781021512],[-98.8315013140888,19.264698518303163],[-98.8314247326169,19.26470489711895],[-98.8313639179186,19.264760180178968],[-98.83128733644672,19.264768685263494],[-98.83122877414465,19.264838852193748],[-98.83117246423882,19.26485160981425],[-98.83096073899297,19.26474529628004],[-98.83073775176591,19.26476868526342],[-98.8305237741238,19.264772937805535],[-98.83030754408546,19.264643235222334],[-98.83009581883957,19.264628351312734],[-98.82984355046149,19.264643235222337],[-98.82971741627249,19.264475259593237],[-98.82917008398793,19.264530542730675],[-98.82902818302529,19.264590078396274],[-98.82871509994891,19.264624098766905],[-98.8284876079294,19.264698518303106],[-98.82782315104075,19.26457519448187],[-98.82751457275687,19.264604962309317],[-98.82733438105825,19.264556058018606],[-98.82716995613328,19.264485890967215],[-98.8269041733778,19.264488017241934],[-98.82660235228259,19.26442635526379],[-98.82623521169664,19.264381703471972],[-98.82604826280934,19.26431153634604],[-98.82603362223378,19.26517055000307],[-98.82605614619612,19.26543526988859],[-98.82574193692167,19.265474074173238],[-98.82565071487426,19.265507031229774],[-98.8256310064072,19.265533609496238],[-98.82561242413828,19.26554583549743],[-98.82552683308143,19.265571350627255],[-98.82540295128865,19.265579855669717],[-98.8252633027222,19.265573476887926],[-98.82510338258969,19.265594739492844],[-98.82493670526847,19.265654274772043],[-98.82473173721128,19.265690421180977],[-98.82445018768219,19.26571593628833],[-98.82418890971918,19.265788229071067],[-98.82381501194456,19.265843511765738],[-98.8234523761511,19.266037001050183],[-98.82315505984838,19.26609440991486],[-98.82286900552681,19.26610504118393],[-98.82263700871484,19.266230490106356],[-98.82248835056346,19.266264510136548],[-98.82211445278884,19.266470756418617],[-98.82196354224125,19.266598331308504],[-98.82179236012755,19.266698264902942],[-98.82166172114604,19.266749294800025],[-98.82140720037177,19.266878995716798],[-98.82104005978586,19.26693427804364],[-98.82089590642694,19.267063978814097],[-98.82073598629441,19.267329758760837],[-98.82059633772796,19.2674339443823],[-98.82041614602937,19.267521120055584],[-98.81999494793382,19.26763381049132],[-98.81971790319723,19.267752879546837],[-98.81944761564928,19.267950619037155],[-98.81940256772465,19.268001648544335],[-98.81937103417738,19.26811646487735],[-98.81824079220894,19.265983128177638],[-98.8176578133199,19.264686361693382],[-98.8168738499794,19.265489624692787],[-98.81665812574965,19.26528832165893],[-98.8163721465026,19.26504176411785],[-98.81577704517919,19.264935650631646],[-98.81537369872665,19.264895077809875],[-98.81432565917373,19.264901319783174],[-98.81429075447456,19.26513865601216],[-98.81420663890906,19.265253990884286],[-98.81369749666568,19.26523838598433],[-98.8136669163088,19.265552045214836],[-98.81367359790679,19.265897731313498],[-98.81354128256825,19.26628235051566],[-98.81281476303592,19.266274548114747],[-98.81302621686247,19.264971932088685],[-98.81338303879274,19.26477931661844],[-98.81348439662321,19.264677255581915],[-98.81372990781257,19.26460496230933],[-98.81392361388858,19.264528416456507],[-98.81413984392694,19.264451870567882],[-98.81424120175741,19.26437745091973],[-98.81423444456871,19.26429665240635],[-98.81484259155157,19.263971331673176],[-98.81596512097845,19.263324108825042],[-98.81603491140649,19.263427267493768],[-98.81631834807858,19.26329619762033],[-98.81648952657505,19.263186511695725],[-98.81666564940502,19.263056962667672],[-98.81688730482071,19.26292745906364],[-98.81704996728018,19.262874053988913],[-98.81744236394678,19.26288243470576],[-98.81772186784012,19.262743638220634],[-98.81785736085303,19.262630409326302],[-98.81784815338746,19.2625741199318],[-98.81812095426841,19.262376612858485],[-98.81840571258313,19.262229255417974],[-98.81894307889337,19.261981120191965],[-98.81931359807356,19.2618333417734],[-98.81959739999888,19.261699384242952],[-98.81996904537728,19.261506952995738],[-98.82019731687797,19.26134376115234],[-98.82041174744441,19.26123430238131],[-98.82066616201132,19.261222026756247],[-98.82137848232036,19.26136803379648],[-98.82154591044034,19.260006832049438],[-98.82169252652285,19.25889725958938],[-98.82163073285244,19.258772633569922],[-98.82280450388163,19.258977863397448],[-98.82408048971519,19.25925279323066],[-98.82443723640452,19.25930939340125],[-98.82653872208977,19.25971127152199],[-98.83029392225114,19.260505785075598],[-98.83056888109535,19.261415860740588]]]}},{"type":"Feature","properties":{"id":7006,"entidad":15,"distrito":33,"distrito_l":1,"municipio":26,"seccion":1057,"tipo":2,"control":35238},"geometry":{"type":"Polygon","coordinates":[[[-98.78927413459161,19.26001798402253],[-98.78950682790231,19.259845052400202],[-98.78970828968995,19.259707727625916],[-98.7901888008863,19.25957164202048],[-98.79035556849017,19.25999376318844],[-98.7904769133694,19.260092516079684],[-98.79112825469504,19.25999578335144],[-98.7914983360775,19.260063553811555],[-98.79164851909988,19.260049064814915],[-98.79205439679937,19.260001663421896],[-98.79250211756063,19.259879209760076],[-98.79271997595873,19.259909317551397],[-98.79292473248486,19.259977962720342],[-98.79317160654952,19.260009563655036],[-98.79397290118301,19.259742930577264],[-98.79440806902578,19.259727130084904],[-98.7946151921817,19.25975774353739],[-98.79496039744156,19.259817982894845],[-98.79608597580405,19.259778481679287],[-98.7975588515795,19.25956122482396],[-98.79844592448971,19.25951777341834],[-98.79938320907408,19.25949012251783],[-98.79990833949972,19.259521723546555],[-98.80032467796468,19.25945062122335],[-98.80077867518521,19.25925113954082],[-98.80117618427231,19.259024006636594],[-98.80181219968168,19.258637880094337],[-98.80279969507026,19.25858949063891],[-98.80347336836546,19.258662568409882],[-98.80489812461957,19.25861253318281],[-98.80553413915895,19.258649401246423],[-98.80625941889684,19.258760005387394],[-98.80700143585948,19.258944345456555],[-98.80725388899899,19.25903914884004],[-98.80748402583895,19.259168186690548],[-98.80805169671072,19.259165553266033],[-98.80811585607213,19.258746179873807],[-98.80840038889238,19.258752763451852],[-98.80849104885962,19.258842300086755],[-98.8086263414261,19.258767247322556],[-98.80906569357501,19.258632942290443],[-98.80922190767242,19.258528921650782],[-98.80947645296503,19.258409100325874],[-98.80960198215044,19.258487445048214],[-98.80982793468418,19.258459464794534],[-98.81006225583025,19.258311992319715],[-98.81041652708682,19.257990712540494],[-98.81061737378347,19.257885374770908],[-98.81089632752884,19.257809004845658],[-98.81130499476575,19.257593720468364],[-98.81148491993147,19.257605570991924],[-98.81179037428262,19.257605570991895],[-98.8119678586031,19.25755207903868],[-98.81214098427134,19.257434314384646],[-98.81230704892283,19.25729062657913],[-98.81240538011805,19.257253099846235],[-98.81252254069109,19.257183971631672],[-98.81256647590598,19.256911408673265],[-98.8127523678476,19.25665250771249],[-98.81312508078098,19.256272464020398],[-98.81329970013215,19.25614642936806],[-98.81342425867284,19.256102605054046],[-98.81365332634067,19.256233611042973],[-98.81277489180992,19.25743501233062],[-98.81265551480958,19.2576646597164],[-98.8124922160827,19.257863474554593],[-98.81236946048803,19.258199439187944],[-98.81230639339347,19.258627899414844],[-98.8122298119216,19.259443352882872],[-98.81232903913167,19.259486838871286],[-98.81387462427075,19.25897227926941],[-98.8143611999472,19.258744017859087],[-98.81469744776516,19.258606012182494],[-98.81552337831319,19.25825073752462],[-98.81599337832711,19.258040936971618],[-98.81651056491842,19.25785688198585],[-98.81683269990849,19.257850155791164],[-98.81717316217579,19.257832190198872],[-98.81756932635307,19.25769408566471],[-98.81786999978843,19.257759548646327],[-98.81786834096754,19.257809651311266],[-98.81779226213756,19.257987018404336],[-98.81840113895456,19.258275591534222],[-98.81858242445028,19.258380799006854],[-98.81869028656519,19.258412400249316],[-98.81890408222581,19.25842176357931],[-98.819069388149,19.258416561729383],[-98.81921155124292,19.25838639099666],[-98.81948044887795,19.258417602099357],[-98.82001240400523,19.25842864251289],[-98.82014754777919,19.25824825677641],[-98.8202885193324,19.25832604951466],[-98.821248946746,19.258565074479247],[-98.82154980352618,19.258629577347914],[-98.8216326053879,19.258693084997322],[-98.82163073285244,19.258772633569922],[-98.82169252652285,19.25889725958938],[-98.82154591044034,19.260006832049438],[-98.82137848232036,19.26136803379648],[-98.82066616201132,19.261222026756247],[-98.82041174744441,19.26123430238131],[-98.82019731687797,19.26134376115234],[-98.81996904537728,19.261506952995738],[-98.81959739999888,19.261699384242952],[-98.81931359807356,19.2618333417734],[-98.81894307889337,19.261981120191965],[-98.81840571258313,19.262229255417974],[-98.81812095426841,19.262376612858485],[-98.81784815338746,19.2625741199318],[-98.81785736085303,19.262630409326302],[-98.81772186784012,19.262743638220634],[-98.81744236394678,19.26288243470576],[-98.81704996728018,19.262874053988913],[-98.81688730482071,19.26292745906364],[-98.81666564940502,19.263056962667672],[-98.81648952657505,19.263186511695725],[-98.81631834807858,19.26329619762033],[-98.81603491140649,19.263427267493768],[-98.81596512097845,19.263324108825042],[-98.81484259155157,19.263971331673176],[-98.81423444456871,19.26429665240635],[-98.81424120175741,19.26437745091973],[-98.81413984392694,19.264451870567882],[-98.81392361388858,19.264528416456507],[-98.81372990781257,19.26460496230933],[-98.81348439662321,19.264677255581915],[-98.81338303879274,19.26477931661844],[-98.81302621686247,19.264971932088685],[-98.81281476303592,19.266274548114747],[-98.81243979410006,19.266864408570743],[-98.8119438763305,19.267791327855633],[-98.80862122727476,19.26767429288152],[-98.807738493645,19.26766493007997],[-98.80678633152756,19.267496399560812],[-98.80583261455126,19.26711511699168],[-98.80476298702791,19.26691590422407],[-98.80400919201827,19.266915904224074],[-98.80328515207478,19.266925267068387],[-98.80269005075137,19.26678014292126],[-98.80203543929561,19.266653744365897],[-98.8011229505997,19.266569478608087],[-98.80040882901162,19.26637285833822],[-98.80015591094916,19.266592885767405],[-98.79857379550948,19.267304851931737],[-98.79687671204428,19.267664352984127],[-98.79418767834802,19.26820368041524],[-98.7929622104376,19.26841174186158],[-98.79138408989101,19.268694705004876],[-98.7883105531099,19.268923995750367],[-98.78753943226299,19.270393402121652],[-98.78511574337037,19.27096056052493],[-98.78247171966119,19.27095490311155],[-98.78077622191392,19.271669546293992],[-98.77956694048673,19.27272700804755],[-98.77898403999322,19.272510399991244],[-98.7781556374561,19.271423006904584],[-98.77272294074885,19.271675436667763],[-98.770694951117,19.27090011363031],[-98.7684649782985,19.271386408580756],[-98.76657354641914,19.27157387959814],[-98.76353311599826,19.272715375207806],[-98.76169464709949,19.272792382842272],[-98.76083521462787,19.27301885709433],[-98.75683348288261,19.27496503700668],[-98.75241445097835,19.273655547838853],[-98.7500547049852,19.273431010149146],[-98.74894094489404,19.27218349535861],[-98.746524815562,19.271385772359793],[-98.74420911031362,19.27163116616991],[-98.74056911576311,19.271446664182754],[-98.73488671219833,19.2719345698277],[-98.73182627568653,19.271712651313265],[-98.72892436824229,19.27065189855562],[-98.725333033506,19.27021147753845],[-98.72209203834127,19.26931178631736],[-98.71965024071103,19.267986338192365],[-98.71754604859103,19.265983664597236],[-98.7124679358562,19.25859860684012],[-98.7129578394341,19.256761053652436],[-98.71277803565467,19.2543753147143],[-98.7122052792156,19.252304672573683],[-98.71753550800182,19.25398069410754],[-98.7218601087688,19.25207541882679],[-98.72685742521055,19.253617786236322],[-98.73166253717382,19.25497868661325],[-98.737524773769,19.25461578095009],[-98.7452129529102,19.256521026723952],[-98.75376605220481,19.258426250365453],[-98.75664911938277,19.259696387163125],[-98.75797052517268,19.261193321473314],[-98.75936400764202,19.261510851236746],[-98.76114189906843,19.262599520043082],[-98.76309861259759,19.262864318842972],[-98.76493793751942,19.2632799343762],[-98.76796515805624,19.26327993437619],[-98.76955084500413,19.263552099318726],[-98.77055991851641,19.262962408038806],[-98.77168846140782,19.26268204272443],[-98.77253001442135,19.26223663124414],[-98.77408965833749,19.261312628482205],[-98.77478773826962,19.260620906360245],[-98.77522087712079,19.260512898481004],[-98.77659033403026,19.258335525931983],[-98.77691292132539,19.258364610035375],[-98.7772075011549,19.258433549637118],[-98.77745628496051,19.25841952802553],[-98.77767536323707,19.25842537036384],[-98.77809742929534,19.258497815341432],[-98.77916106893062,19.25858501800319],[-98.77949482688997,19.25869996002918],[-98.77980975904566,19.258879871779637],[-98.77998125492776,19.259184872570568],[-98.78016072583229,19.259293539521714],[-98.78085137938217,19.25945011328167],[-98.78105312943346,19.259458292503897],[-98.78142692400706,19.259415059467816],[-98.78182790607022,19.259310810960926],[-98.78203217416096,19.259334435667505],[-98.78219431684023,19.259405711782822],[-98.78247899482672,19.259611360728996],[-98.78275377097025,19.259752744229868],[-98.7837018997359,19.260150005063913],[-98.78431454897452,19.2602914025667],[-98.78454600455485,19.260293739475316],[-98.78495198011822,19.260310097835127],[-98.78516239428217,19.26037319435026],[-98.78557332076706,19.260358004450673],[-98.78590379477748,19.26031477165186],[-98.78619342368546,19.26036034135836],[-98.78650533174026,19.260362678266084],[-98.78713286104094,19.260032005497358],[-98.78766611710557,19.259673706235155],[-98.78787673699698,19.259667446760453],[-98.78800917414722,19.25971418510536],[-98.788134615522,19.259945877163812],[-98.78833245099071,19.260079127351183],[-98.78866317783798,19.26016134549533],[-98.78896650053025,19.260125906646056],[-98.78927413459161,19.26001798402253]]]}},{"type":"Feature","properties":{"id":7008,"entidad":15,"distrito":33,"distrito_l":1,"municipio":26,"seccion":1058,"tipo":2,"control":35363},"geometry":{"type":"Polygon","coordinates":[[[-98.81407272033668,19.24699852031887],[-98.81502068642477,19.24536777459431],[-98.81638097817877,19.24585122361231],[-98.82094229473273,19.247110781691408],[-98.82084529991222,19.247489087491573],[-98.82181489372175,19.247744212418937],[-98.82343060298822,19.24815856620001],[-98.82222526286286,19.25319883689012],[-98.82187481342649,19.253133582681777],[-98.82156847104815,19.25306580945692],[-98.8212569395522,19.254127722146237],[-98.82099173012467,19.255092587818893],[-98.81974624776451,19.254784283425863],[-98.8188392506066,19.25457109032798],[-98.81874317872807,19.254972573218787],[-98.81868195762746,19.255344497029956],[-98.8186978741789,19.25556635359363],[-98.81858100619931,19.255932284752202],[-98.81835154333335,19.256457058172657],[-98.81822700459128,19.25682111154771],[-98.81786999978843,19.257759548646327],[-98.81756932635307,19.25769408566471],[-98.81717316217579,19.257832190198872],[-98.81683269990849,19.257850155791164],[-98.81651056491842,19.25785688198585],[-98.81599337832711,19.258040936971618],[-98.81552337831319,19.25825073752462],[-98.81469744776516,19.258606012182494],[-98.8143611999472,19.258744017859087],[-98.81387462427075,19.25897227926941],[-98.81232903913167,19.259486838871286],[-98.8122298119216,19.259443352882872],[-98.81230639339347,19.258627899414844],[-98.81236946048803,19.258199439187944],[-98.8124922160827,19.257863474554593],[-98.81265551480958,19.2576646597164],[-98.81277489180992,19.25743501233062],[-98.81365332634067,19.25623361104288],[-98.81342425867284,19.256102605054046],[-98.81329970013215,19.25614642936806],[-98.81312508078098,19.256272464020398],[-98.8127523678476,19.25665250771249],[-98.81256647590598,19.25691140867318],[-98.81252254069109,19.257183971631672],[-98.81240538011805,19.257253099846235],[-98.81230704892283,19.25729062657913],[-98.81214098427134,19.257434314384646],[-98.8119678586031,19.25755207903868],[-98.81179037428262,19.257605570991895],[-98.81148491993147,19.257605570991924],[-98.81130499476575,19.257593720468364],[-98.81089632752884,19.257809004845658],[-98.81061737378347,19.257885374770908],[-98.81041652708682,19.257990712540494],[-98.81006225583025,19.258311992319715],[-98.80982793468418,19.258459464794534],[-98.80960198215044,19.258487445048214],[-98.80947645296503,19.258409100325874],[-98.80922190767242,19.258528921650782],[-98.80906569357501,19.258632942290443],[-98.8086263414261,19.258767247322556],[-98.80849104885962,19.258842300086755],[-98.80840038889238,19.258752763451852],[-98.80811585607213,19.258746179873807],[-98.80805169671072,19.259165553266033],[-98.80748402583895,19.259168186690548],[-98.80725388899899,19.25903914884004],[-98.80700143585948,19.258944345456555],[-98.80625941889684,19.258760005387394],[-98.80553413915895,19.258649401246423],[-98.80489812461957,19.25861253318281],[-98.80347336836546,19.258662568409882],[-98.80279969507026,19.258589490638826],[-98.80181219968168,19.258637880094337],[-98.80117618427231,19.259024006636594],[-98.80077867518521,19.25925113954082],[-98.80032467796468,19.25945062122335],[-98.79990833949972,19.259521723546555],[-98.79938320907408,19.25949012251783],[-98.79844592448971,19.25951777341834],[-98.7975588515795,19.25956122482396],[-98.79608597580405,19.259778481679287],[-98.79496039744156,19.259817982894845],[-98.7946151921817,19.25975774353739],[-98.79440806902578,19.259727130084904],[-98.79397290118301,19.259742930577264],[-98.79317160654952,19.260009563655036],[-98.79292473248486,19.259977962720342],[-98.79271997595873,19.259909317551397],[-98.79250211756063,19.259879209760076],[-98.79205439679937,19.260001663421896],[-98.79164851909988,19.260049064814915],[-98.7914983360775,19.260063553811555],[-98.79112825469505,19.25999578335144],[-98.7904769133694,19.260092516079684],[-98.79035556849017,19.25999376318844],[-98.7901888008863,19.25957164202048],[-98.78970828968995,19.259707727625916],[-98.78950682790231,19.259845052400202],[-98.78927413459161,19.26001798402244],[-98.78896650053025,19.260125906646056],[-98.78866317783798,19.26016134549533],[-98.78833245099071,19.260079127351183],[-98.788134615522,19.259945877163812],[-98.78800917414722,19.25971418510536],[-98.78787673699698,19.259667446760453],[-98.78766611710557,19.259673706235155],[-98.78713286104094,19.260032005497358],[-98.78650533174026,19.260362678266084],[-98.78619342368546,19.26036034135836],[-98.78590379477748,19.26031477165186],[-98.78557332076706,19.260358004450673],[-98.78516239428217,19.26037319435026],[-98.78495198011822,19.260310097835127],[-98.78454600455485,19.260293739475316],[-98.78431454897452,19.2602914025667],[-98.7837018997359,19.260150005063913],[-98.78275377097025,19.259752744229868],[-98.78247899482672,19.259611360728996],[-98.78219431684023,19.259405711782822],[-98.78203217416096,19.259334435667505],[-98.78182790607022,19.259310810960926],[-98.78142692400706,19.259415059467816],[-98.78105312943346,19.259458292503897],[-98.78085137938217,19.25945011328167],[-98.78016072583229,19.259293539521714],[-98.77998125492776,19.259184872570568],[-98.77980975904566,19.258879871779637],[-98.77949482688997,19.25869996002918],[-98.77916106893062,19.25858501800319],[-98.77809742929534,19.258497815341432],[-98.77767536323707,19.25842537036384],[-98.77745628496051,19.25841952802553],[-98.7772075011549,19.258433549637118],[-98.77691292132539,19.258364610035375],[-98.77659033403026,19.258335525931983],[-98.77522087712079,19.260512898481004],[-98.77478773826962,19.260620906360245],[-98.77408965833749,19.261312628482205],[-98.77253001442135,19.26223663124414],[-98.77168846140783,19.26268204272443],[-98.77055991851641,19.262962408038806],[-98.76955084500413,19.263552099318726],[-98.76796515805624,19.26327993437619],[-98.76493793751942,19.2632799343762],[-98.76309861259759,19.262864318842972],[-98.76114189906843,19.262599520043082],[-98.75936400764202,19.261510851236746],[-98.75797052517268,19.261193321473314],[-98.75664911938277,19.259696387163125],[-98.75376605220481,19.258426250365453],[-98.7452129529102,19.256521026723952],[-98.737524773769,19.25461578095009],[-98.73166253717382,19.25497868661325],[-98.72685742521055,19.253617786236322],[-98.7218601087688,19.25207541882679],[-98.71753550800182,19.25398069410754],[-98.7122052792156,19.252304672573683],[-98.72393948720227,19.245171979997043],[-98.73331507136122,19.24763832923518],[-98.7508589594671,19.249920616547453],[-98.75107518950546,19.250096404109403],[-98.75141154734285,19.2500964041094],[-98.75164579655109,19.250170121418027],[-98.7518920585392,19.2501814625395],[-98.7522043908168,19.250419625909224],[-98.7526488636734,19.25072583544799],[-98.75311736208982,19.251179478158562],[-98.75335761768797,19.25124752445694],[-98.75368196274549,19.251497027309572],[-98.75404234614274,19.251655801654575],[-98.75460694679843,19.25173518876946],[-98.75509947077467,19.25184859886699],[-98.75533972637284,19.251984690880512],[-98.75559199475089,19.251916644887906],[-98.75589231424858,19.251984690880477],[-98.75646892768421,19.25195066788773],[-98.7569134005408,19.251916644887896],[-98.75769423123482,19.251996031876484],[-98.7584029852494,19.251893962884044],[-98.7588234325462,19.251927985888628],[-98.7590156370247,19.25208675981657],[-98.75911173926397,19.25232492042027],[-98.76013282555617,19.252143464753566],[-98.76058931119269,19.252018713866192],[-98.76133410354699,19.25197334988366],[-98.76210292146109,19.252358943335526],[-98.76289576493502,19.25226821554605],[-98.76361653172954,19.252585762589643],[-98.76395288956695,19.253334263903277],[-98.76431327296419,19.253629127119417],[-98.76469768192126,19.253674490644098],[-98.76539442315593,19.253629127119424],[-98.76580285767282,19.253402309307905],[-98.76599506208947,19.25339096734463],[-98.7670762123431,19.253356945707942],[-98.76774892801794,19.253198173009423],[-98.76842164369279,19.25328890028454],[-98.76892618044894,19.25306208200258],[-98.77224170770357,19.252585762589653],[-98.77406765024962,19.252676490203484],[-98.77637410399198,19.253039400157157],[-98.77920912005031,19.252767217767172],[-98.78276490290312,19.251678483691336],[-98.78473499880806,19.250544378012506],[-98.7879063699136,19.24922880590735],[-98.7892037529339,19.249455629185295],[-98.79088554212106,19.24936489979027],[-98.79271148466711,19.248639062823692],[-98.79463352945243,19.24795858775143],[-98.79602701192178,19.247867857528593],[-98.7979971078267,19.24809468299164],[-98.79934253917641,19.248412238113158],[-98.80042719319614,19.24915891793458],[-98.80295032982308,19.250101080328673],[-98.8040236043584,19.25006552712902],[-98.80522868453843,19.249816654515673],[-98.80767650365412,19.249727771347978],[-98.80877802225616,19.249172250459],[-98.80950295330196,19.2489811508385],[-98.8100725419808,19.248887823035883],[-98.81039973998243,19.248841609937255],[-98.81055966011496,19.248954313209534],[-98.81077589015328,19.249028739856385],[-98.81156006282801,19.249203359678553],[-98.81205433399569,19.249295576258817],[-98.81229558539886,19.249434456553033],[-98.81250663134199,19.249457788430874],[-98.81260033110182,19.249556104843855],[-98.81268817455489,19.249583748929517],[-98.8127917847816,19.24955397837556],[-98.81285259947991,19.249494437251393],[-98.81300576242371,19.24938173435009],[-98.81309585827302,19.24932644610608],[-98.81316565956537,19.24895374506069],[-98.81337278272132,19.248918191612372],[-98.81383096424811,19.248814494010894],[-98.81405064032258,19.24890930324915],[-98.81425854803588,19.249065590233112],[-98.81440447571393,19.249107809914214],[-98.81457629378647,19.249085589030802],[-98.81477635592574,19.24899892755676],[-98.81506585760965,19.24885004748165],[-98.81543773782143,19.248514511294797],[-98.81582374006658,19.24821452803019],[-98.8160543999448,19.24809897877458],[-98.81407272033668,19.24699852031887]]]}},{"type":"Feature","properties":{"id":7009,"entidad":15,"distrito":33,"distrito_l":1,"municipio":26,"seccion":1059,"tipo":2,"control":35239},"geometry":{"type":"Polygon","coordinates":[[[-98.81786999978843,19.257759548646327],[-98.81822700459128,19.25682111154771],[-98.81835154333335,19.256457058172657],[-98.81858100619931,19.255932284752202],[-98.8186978741789,19.25556635359363],[-98.81868195762746,19.255344497029956],[-98.81874317872807,19.254972573218787],[-98.8188392506066,19.25457109032798],[-98.81974624776451,19.254784283425863],[-98.82099173012467,19.255092587818893],[-98.8212569395522,19.254127722146237],[-98.82156847104815,19.25306580945692],[-98.82187481342649,19.253133582681777],[-98.82222526286286,19.25319883689012],[-98.82287081946474,19.253340261285423],[-98.82263019865741,19.254339067606207],[-98.82260117435769,19.25438856581443],[-98.8223689799599,19.255349358431978],[-98.82188024820327,19.257321307986736],[-98.82154980352618,19.258629577347914],[-98.821248946746,19.258565074479247],[-98.8202885193324,19.25832604951466],[-98.82014754777919,19.25824825677641],[-98.82001240400523,19.25842864251289],[-98.81948044887795,19.258417602099357],[-98.81921155124292,19.25838639099666],[-98.819069388149,19.258416561729383],[-98.81890408222581,19.25842176357931],[-98.81869028656519,19.258412400249316],[-98.81858242445028,19.258380799006854],[-98.81840113895456,19.258275591534222],[-98.81779226213756,19.257987018404336],[-98.81786834096754,19.257809651311266],[-98.81786999978843,19.257759548646327]]]}},{"type":"Feature","properties":{"id":7010,"entidad":15,"distrito":33,"distrito_l":1,"municipio":26,"seccion":1060,"tipo":2,"control":35235},"geometry":{"type":"Polygon","coordinates":[[[-98.83295025570057,19.259674356724073],[-98.835972692,19.26026080499997],[-98.8356738276189,19.26157036497764],[-98.83370487075376,19.261200468080624],[-98.83029392225114,19.260505785075598],[-98.82653872208977,19.25971127152199],[-98.82443723640452,19.25930939340125],[-98.82408048971519,19.25925279323066],[-98.82280450388163,19.258977863397448],[-98.82163073285244,19.258772633569922],[-98.8216326053879,19.258693084997322],[-98.82154980352618,19.258629577347914],[-98.82188024820327,19.257321307986736],[-98.8223689799599,19.255349358431978],[-98.82260117435769,19.25438856581443],[-98.82263019865741,19.254339067606207],[-98.82287081946474,19.253340261285423],[-98.82222526286286,19.25319883689012],[-98.82343060298822,19.24815856620001],[-98.82374143366835,19.248236891764368],[-98.82399745604019,19.247213340264526],[-98.82426445795441,19.246063108247114],[-98.82432630588943,19.24604526811059],[-98.82511239217467,19.24622176866144],[-98.82655167336738,19.246602413781552],[-98.82946134242212,19.247290572519326],[-98.83326606653718,19.248392922557315],[-98.84014995252457,19.2500478499039],[-98.84002682117554,19.250945916494306],[-98.84017932729915,19.2510549039966],[-98.836712367,19.25206919699998],[-98.83676985825598,19.25220384147676],[-98.83739358605692,19.257544263711136],[-98.83354752793797,19.2568302044549],[-98.83295025570057,19.259674356724073]]]}},{"type":"Feature","properties":{"id":7049,"entidad":15,"distrito":33,"distrito_l":1,"municipio":26,"seccion":1062,"tipo":2,"control":35693},"geometry":{"type":"Polygon","coordinates":[[[-98.906211284,19.241680328],[-98.90760158084875,19.23875211766949],[-98.9075105126024,19.23872755126078],[-98.90754984300186,19.23858771601349],[-98.9070916709454,19.23845373791503],[-98.90701650350397,19.238366390508663],[-98.90682280278946,19.238158940232275],[-98.90838614101871,19.23585376787796],[-98.90788887948298,19.235737757756784],[-98.90952232580663,19.2331964331265],[-98.91007808223273,19.23331191122714],[-98.91012438810213,19.233313809888664],[-98.91215229812745,19.233811040595338],[-98.9124712452022,19.233897408154874],[-98.91309928415006,19.234026257738254],[-98.91320161546645,19.233912976012242],[-98.9144999393555,19.234677777080517],[-98.91556890064324,19.235261085249263],[-98.91563355639197,19.23554968741139],[-98.9159562497766,19.23556735108297],[-98.9169840077422,19.23612392963016],[-98.9182836754799,19.23686453423155],[-98.91878604606401,19.23712310790589],[-98.91926937478593,19.23740238405261],[-98.91813982933986,19.239315219848955],[-98.91866078668109,19.23959488696206],[-98.9189054131825,19.239745509465187],[-98.92062753212188,19.24069002358433],[-98.92174608606707,19.241281617983947],[-98.9226788452126,19.24185429152544],[-98.92505055279926,19.243208872325738],[-98.92562525725585,19.243426895287907],[-98.92318468588711,19.2456899668203],[-98.92282565826417,19.247465370212133],[-98.92246778770931,19.24659174570371],[-98.92225814778448,19.246636891898014],[-98.92102883279188,19.246296031442252],[-98.919326596471,19.245748558953146],[-98.91831532156809,19.24546235621728],[-98.91767722019085,19.245274023958995],[-98.91431957003314,19.24420800137558],[-98.91402772670516,19.24413155413854],[-98.912548204618,19.24369134402267],[-98.91074839659235,19.243133119635782],[-98.9102681636218,19.243009496327456],[-98.907880929,19.242299706999997],[-98.906211284,19.241680328]]]}},{"type":"Feature","properties":{"id":7007,"entidad":15,"distrito":33,"distrito_l":1,"municipio":26,"seccion":1063,"tipo":2,"control":35695},"geometry":{"type":"Polygon","coordinates":[[[-98.93450690089483,19.234898396245505],[-98.93351123521452,19.235780571305302],[-98.9325959656938,19.235443451797597],[-98.9302562577001,19.23463524771848],[-98.93003462424888,19.235093378775243],[-98.92760342699667,19.234269400447],[-98.92765040564372,19.234161168506034],[-98.92671098662947,19.233850180764488],[-98.92613497350075,19.233620249333466],[-98.9252176022499,19.233298972593293],[-98.92530929694048,19.233073944037834],[-98.92481831174284,19.232886816429225],[-98.92495749954023,19.232445119629965],[-98.92473402214137,19.232377151435266],[-98.9250221468,19.231506052536776],[-98.9249606989051,19.23147269841405],[-98.9236933913967,19.23096901198769],[-98.92176402459076,19.230303304260236],[-98.92211480943217,19.229458514493228],[-98.92221447376434,19.22924081376246],[-98.92225183183679,19.229201983289357],[-98.92252240286906,19.228557755437595],[-98.92487621757542,19.22940302099986],[-98.92495532042511,19.22938885813862],[-98.92529059071268,19.22874936562077],[-98.92557919288141,19.2284085848969],[-98.92583231630259,19.22812555531733],[-98.92599106263341,19.227901178954536],[-98.92625282022742,19.227460772108902],[-98.92657795329994,19.22704600358848],[-98.92730659892617,19.226216146477235],[-98.92788080257364,19.22560777624614],[-98.92849865242587,19.225612602230377],[-98.9316751716179,19.230383562458435],[-98.93450690089483,19.234898396245505]]]}},{"type":"Feature","properties":{"id":7004,"entidad":15,"distrito":33,"distrito_l":1,"municipio":26,"seccion":1064,"tipo":2,"control":35696},"geometry":{"type":"Polygon","coordinates":[[[-98.94565669217836,19.224759786211376],[-98.94521139293661,19.225173323924132],[-98.94469838597587,19.225476528014255],[-98.93763136335073,19.232001053726254],[-98.93450690089483,19.234898396245505],[-98.9316751716179,19.230383562458435],[-98.92849865242587,19.225612602230377],[-98.92788080257364,19.22560777624614],[-98.92730659892617,19.226216146477235],[-98.92657795329994,19.22704600358848],[-98.92625282022742,19.227460772108902],[-98.92599106263341,19.227901178954536],[-98.92583231630259,19.22812555531733],[-98.92557919288141,19.2284085848969],[-98.92529059071268,19.22874936562077],[-98.92495532042511,19.22938885813862],[-98.92487621757542,19.22940302099986],[-98.92252240286906,19.228557755437595],[-98.9213960893594,19.228087511636],[-98.9209064727913,19.22790364793779],[-98.91897607709596,19.22715414626358],[-98.91756668756891,19.226550860784094],[-98.91766866956122,19.2263705253195],[-98.91940756712047,19.22267688263223],[-98.92094560861463,19.22314164198947],[-98.92093982650377,19.22321364203655],[-98.92100415248731,19.223252542522875],[-98.92107715163716,19.223288030677775],[-98.92129904014224,19.22335695957206],[-98.92146166201074,19.22334808753774],[-98.92177317323443,19.22349413481037],[-98.92203987309875,19.223580807663105],[-98.92211648606792,19.223659973378386],[-98.92224802909045,19.223702286072697],[-98.9223318696982,19.223741868905773],[-98.92263253946399,19.22383604871186],[-98.9241575712087,19.224242795660018],[-98.92523738041557,19.22455126750642],[-98.92524894463732,19.22439020705715],[-98.92592075311276,19.222096185498913],[-98.92647537212007,19.222822541324604],[-98.92927973545659,19.223556726768912],[-98.92936542618119,19.223122529225638],[-98.92940395304814,19.222060053071456],[-98.92939046567385,19.22114151735781],[-98.92947964289242,19.220614795708855],[-98.9295287908349,19.220360914609824],[-98.93014971368305,19.220490883076966],[-98.93809196886289,19.22270550241624],[-98.93904686428462,19.223040672686842],[-98.94079667264907,19.223420688856823],[-98.94106164362996,19.22354342681095],[-98.94445627185695,19.224560732093472],[-98.94499121327122,19.224810926859178],[-98.94565669217836,19.224759786211376]]]}},{"type":"Feature","properties":{"id":7029,"entidad":15,"distrito":33,"distrito_l":1,"municipio":26,"seccion":1066,"tipo":3,"control":35240},"geometry":{"type":"Polygon","coordinates":[[[-98.83546901856674,19.224923022377222],[-98.83972410564971,19.228228767170894],[-98.84047115884677,19.228851144238988],[-98.84116376614281,19.229368693248617],[-98.83966546758276,19.234197384207143],[-98.83960855117522,19.234175842417535],[-98.83815819865784,19.24118927638729],[-98.83792954321208,19.242100465202785],[-98.83657258420686,19.241975070218594],[-98.83550057827863,19.241507158534063],[-98.83486076306997,19.241524237492744],[-98.83335202237502,19.241090704208037],[-98.83245520389342,19.241022365643488],[-98.83153047306646,19.24066221027245],[-98.83096832050452,19.241584550459653],[-98.83074222039582,19.241448027958498],[-98.82990806580132,19.24068531942477],[-98.82933466154859,19.240218697869178],[-98.82649077708548,19.237749639135355],[-98.8256097207667,19.23694114833725],[-98.82476945978183,19.236256693013868],[-98.82294609018787,19.23464285871539],[-98.8204122102686,19.236706891535203],[-98.8191587474488,19.234148523691555],[-98.8186571805905,19.233009937767303],[-98.81775619061685,19.231275007230003],[-98.81643403902632,19.228354364256788],[-98.81613442268385,19.22771747727867],[-98.81581827548855,19.227156350067858],[-98.81570422238649,19.227685358937862],[-98.81539807984929,19.228242705725798],[-98.8150539196114,19.228501540709708],[-98.81425935756978,19.22897877179573],[-98.81389254959079,19.22919249000879],[-98.81364778920015,19.22926196324245],[-98.81348561667141,19.22927897709113],[-98.8136222620429,19.22826523219899],[-98.81367686669853,19.227730250351797],[-98.81427603094913,19.227314596333073],[-98.81441758635911,19.227251063598334],[-98.81459914505896,19.227249088448925],[-98.814664924137,19.226825010524863],[-98.814692994902,19.226526698313545],[-98.81494789107566,19.226523508163588],[-98.81498324904804,19.225891016981144],[-98.81505534841777,19.22589386113025],[-98.81509693964118,19.225951903875576],[-98.81551238306787,19.226252150308188],[-98.81584922496822,19.226400510113095],[-98.81584171698076,19.22585747439196],[-98.81568160914823,19.225207831880258],[-98.81565007560096,19.225061083740908],[-98.81563656122356,19.22489732116977],[-98.81576363391136,19.22354069086483],[-98.81589541147157,19.2235892332576],[-98.81622872624182,19.22388669425294],[-98.81649231998361,19.224375566208447],[-98.81703426199135,19.22458739812374],[-98.81725093838827,19.224636055341318],[-98.8173773819629,19.224727355296825],[-98.81750051295694,19.224837948334272],[-98.81755306886903,19.224927273425582],[-98.81772425098275,19.225013762753424],[-98.81784588037931,19.225013762753445],[-98.81810408108488,19.2251629077484],[-98.81821485320022,19.225304785668776],[-98.81858399766865,19.22545163512014],[-98.81876252014965,19.22555131252032],[-98.81913797500926,19.225867583464744],[-98.81942509429105,19.22614308944623],[-98.81960430227258,19.22626045723533],[-98.81977334671197,19.22628715984665],[-98.81984706912084,19.226400802901],[-98.81982934830648,19.226527717239257],[-98.81966387641347,19.226707931118614],[-98.81956586885188,19.22670908603885],[-98.81961686390717,19.226874367803227],[-98.81990413087328,19.226850332961934],[-98.82000145460748,19.226876850007468],[-98.82030474267725,19.227207415028225],[-98.82066085565648,19.227959963969035],[-98.82083949970934,19.228189688902344],[-98.8209871181983,19.228354175407627],[-98.82181928310708,19.228451246838645],[-98.8219441077958,19.228456673570225],[-98.82196410534078,19.228056633918115],[-98.82210825869969,19.227712100575427],[-98.82249567085175,19.227371820021524],[-98.82268976655972,19.226973586322448],[-98.82275731404009,19.226565531122166],[-98.82267291940697,19.226334293956256],[-98.8224124818211,19.225828179629225],[-98.82303676160247,19.225788582853006],[-98.82324622153624,19.2244973292525],[-98.82329117573892,19.22415568980176],[-98.82348045448266,19.223122347061054],[-98.82356225519143,19.22247921033036],[-98.8237165575124,19.22164351361528],[-98.8238075373358,19.220658677163037],[-98.82409634007618,19.22052553927415],[-98.82422536503815,19.220425930134112],[-98.8243765695454,19.22028626119925],[-98.82453558272188,19.220087730586574],[-98.82468302267911,19.21984503698337],[-98.82514860365822,19.218619000302624],[-98.82536727641862,19.218343497577187],[-98.82840561647745,19.218849254538828],[-98.83136682713995,19.219221273025088],[-98.83236391672952,19.220443619896667],[-98.83476044338667,19.223990064339446],[-98.83483112432558,19.22425971466489],[-98.83494731971948,19.224473988642263],[-98.83546901856674,19.224923022377222]]]}},{"type":"Feature","properties":{"id":7011,"entidad":15,"distrito":33,"distrito_l":1,"municipio":26,"seccion":1067,"tipo":2,"control":35370},"geometry":{"type":"Polygon","coordinates":[[[-98.81011459130985,19.22455394473727],[-98.8111594261223,19.224871129425804],[-98.81219976340947,19.225167338242702],[-98.81228269134468,19.225154482493604],[-98.8127585971092,19.225299481994185],[-98.81304142006523,19.22536017435721],[-98.81414679797024,19.225767274886394],[-98.81438733397908,19.22582691432447],[-98.81477574541572,19.225837017061405],[-98.81502190470555,19.22583570977586],[-98.81584171698076,19.22585747439196],[-98.81584922496822,19.226400510113095],[-98.81551238306787,19.226252150308188],[-98.81509693964118,19.225951903875576],[-98.81505534841777,19.22589386113025],[-98.81498324904804,19.225891016981144],[-98.81494789107566,19.226523508163588],[-98.814692994902,19.226526698313545],[-98.814664924137,19.226825010524863],[-98.81459914505896,19.227249088448925],[-98.81441758635911,19.227251063598334],[-98.81427603094913,19.227314596333073],[-98.81367686669853,19.227730250351797],[-98.8136222620429,19.22826523219899],[-98.81348561667141,19.22927897709113],[-98.81364778920015,19.22926196324245],[-98.81389254959079,19.22919249000879],[-98.81425935756978,19.22897877179573],[-98.8150539196114,19.228501540709708],[-98.81539807984929,19.228242705725798],[-98.81570422238649,19.227685358937862],[-98.81581827548855,19.227156350067858],[-98.81613442268385,19.22771747727867],[-98.81643403902632,19.228354364256788],[-98.81775619061685,19.231275007230003],[-98.8186571805905,19.233009937767303],[-98.8191587474488,19.234148523691555],[-98.8204122102686,19.236706891535203],[-98.82294609018787,19.23464285871539],[-98.82476945978183,19.236256693013868],[-98.8256097207667,19.23694114833725],[-98.82649077708548,19.237749639135355],[-98.82933466154859,19.240218697869178],[-98.82990806580132,19.24068531942477],[-98.83074222039582,19.241448027958498],[-98.83096832050452,19.241584550459653],[-98.83153047306646,19.24066221027245],[-98.83245520389342,19.241022365643488],[-98.83335202237502,19.241090704208037],[-98.83486076306997,19.241524237492744],[-98.83550057827863,19.241507158534063],[-98.83657258420686,19.241975070218594],[-98.83792954321208,19.242100465202785],[-98.83718354668594,19.244859200751243],[-98.83673757223184,19.246632716498613],[-98.83685920162841,19.246824101944284],[-98.836226278287,19.249103698089126],[-98.83326606653718,19.248392922557315],[-98.8294613424221,19.247290572519326],[-98.82655167336738,19.246602413781552],[-98.82511239217467,19.24622176866144],[-98.82432630588943,19.24604526811059],[-98.82426445795441,19.246063108247114],[-98.82399745604019,19.247213340264526],[-98.82374143366835,19.248236891764368],[-98.82181489372175,19.24774421241903],[-98.82084529991222,19.247489087491573],[-98.82094229473273,19.247110781691408],[-98.81638097817877,19.24585122361231],[-98.81502068642477,19.24536777459431],[-98.81407272033668,19.24699852031887],[-98.8160543999448,19.24809897877458],[-98.81582374006658,19.24821452803019],[-98.81543773782141,19.248514511294797],[-98.81506585760965,19.24885004748165],[-98.81477635592574,19.24899892755676],[-98.81457629378647,19.249085589030802],[-98.81440447571393,19.249107809914214],[-98.81425854803588,19.249065590233112],[-98.81405064032258,19.24890930324915],[-98.81383096424811,19.248814494010894],[-98.81337278272132,19.248918191612372],[-98.81316565956537,19.24895374506069],[-98.81309585827302,19.24932644610608],[-98.81300576242371,19.24938173435009],[-98.81285259947991,19.249494437251393],[-98.8127917847816,19.24955397837556],[-98.81268817455489,19.249583748929517],[-98.81260033110182,19.249556104843855],[-98.81250663134199,19.249457788430874],[-98.81229558539886,19.249434456553033],[-98.81205433399569,19.249295576258817],[-98.81156006282801,19.249203359678553],[-98.81077589015328,19.249028739856385],[-98.81055966011496,19.248954313209534],[-98.81039973998243,19.248841609937255],[-98.8100725419808,19.248887823035883],[-98.80950295330196,19.2489811508385],[-98.80877802225616,19.249172250459],[-98.80767650365412,19.249727771347978],[-98.80522868453843,19.249816654515673],[-98.8040236043584,19.25006552712902],[-98.80295032982308,19.250101080328673],[-98.80042719319614,19.24915891793458],[-98.79934253917641,19.248412238113158],[-98.7979971078267,19.24809468299164],[-98.79602701192175,19.247867857528593],[-98.79463352945243,19.24795858775152],[-98.79271148466711,19.248639062823692],[-98.79088554212106,19.24936489979027],[-98.7892037529339,19.249455629185295],[-98.7879063699136,19.24922880590735],[-98.78473499880806,19.250544378012506],[-98.78276490290312,19.251678483691336],[-98.77920912005031,19.252767217767172],[-98.77637410399198,19.253039400157157],[-98.77406765024962,19.252676490203484],[-98.77224170770357,19.252585762589653],[-98.76892618044894,19.25306208200258],[-98.76842164369279,19.25328890028454],[-98.76774892801794,19.253198173009423],[-98.7670762123431,19.253356945707942],[-98.76599506208947,19.25339096734463],[-98.76580285767282,19.253402309307905],[-98.76539442315593,19.253629127119424],[-98.76469768192126,19.253674490644098],[-98.76431327296419,19.253629127119417],[-98.76395288956695,19.253334263903277],[-98.76361653172954,19.252585762589643],[-98.76289576493502,19.25226821554605],[-98.76210292146109,19.252358943335526],[-98.76133410354699,19.25197334988366],[-98.76058931119269,19.252018713866192],[-98.76013282555617,19.252143464753566],[-98.75911173926397,19.252324920420364],[-98.7590156370247,19.25208675981657],[-98.7588234325462,19.251927985888628],[-98.7584029852494,19.251893962884044],[-98.75769423123482,19.251996031876484],[-98.7569134005408,19.251916644887896],[-98.75646892768421,19.25195066788773],[-98.75589231424858,19.251984690880477],[-98.75559199475089,19.251916644887906],[-98.75533972637284,19.251984690880512],[-98.75509947077467,19.25184859886699],[-98.75460694679842,19.25173518876955],[-98.75404234614274,19.251655801654664],[-98.75368196274549,19.251497027309572],[-98.75335761768797,19.25124752445694],[-98.75311736208982,19.251179478158562],[-98.7526488636734,19.25072583544799],[-98.7522043908168,19.250419625909224],[-98.7518920585392,19.2501814625395],[-98.75164579655109,19.250170121418027],[-98.75141154734285,19.2500964041094],[-98.75107518950546,19.250096404109403],[-98.7508589594671,19.249920616547453],[-98.73331507136122,19.24763832923518],[-98.73628565297585,19.246754706189662],[-98.74959462077462,19.2449239143229],[-98.75419276383835,19.243800656006638],[-98.770431766996,19.23666367964872],[-98.79088664252635,19.23275673356727],[-98.79553762948952,19.232689473738287],[-98.7968996744333,19.233155280850937],[-98.80229616855145,19.232363954304656],[-98.80546040414026,19.234276366557793],[-98.80826833693658,19.23420201486044],[-98.80775316743518,19.232999233140788],[-98.80541230462053,19.231853212239713],[-98.8061153408868,19.226817469269488],[-98.80619576669474,19.226383506378536],[-98.80613332679486,19.225404117888697],[-98.80611514117228,19.2236293856434],[-98.80609762407366,19.22308480523156],[-98.80606749097237,19.22297823748239],[-98.80622090674682,19.222932779063967],[-98.8067279779621,19.22285018079396],[-98.80705460883554,19.22290334753766],[-98.80721502642062,19.222434717251947],[-98.80843807661441,19.222700112435692],[-98.80941687762372,19.222902520063293],[-98.8092819337434,19.22335488669282],[-98.80917944452422,19.223853194606928],[-98.80943813515896,19.223842929721915],[-98.8097651477596,19.223964737003403],[-98.81003515210234,19.224121378655425],[-98.81015627055848,19.22426743338229],[-98.81019959112162,19.224406509910057],[-98.81018968927862,19.224509356342196],[-98.81011459130985,19.22455394473727]]]}},{"type":"Feature","properties":{"id":7012,"entidad":15,"distrito":33,"distrito_l":1,"municipio":26,"seccion":1068,"tipo":2,"control":35368},"geometry":{"type":"Polygon","coordinates":[[[-98.81011459130985,19.22455394473727],[-98.81018968927862,19.224509356342196],[-98.81019959112162,19.224406509910057],[-98.81015627055848,19.22426743338229],[-98.81003515210234,19.224121378655425],[-98.8097651477596,19.223964737003403],[-98.80943813515896,19.223842929721915],[-98.80917944452422,19.223853194606928],[-98.8092819337434,19.22335488669282],[-98.80941687762372,19.222902520063293],[-98.80843807661441,19.222700112435692],[-98.80721502642062,19.222434717251947],[-98.80705460883554,19.22290334753766],[-98.8067279779621,19.22285018079396],[-98.80622090674682,19.222932779063967],[-98.80606749097237,19.22297823748239],[-98.80592984421538,19.222698109010132],[-98.80580074970051,19.222238440773467],[-98.80626009192805,19.22174041530623],[-98.80676455394381,19.22129195727895],[-98.8071960989101,19.220783995841263],[-98.80740851036711,19.22043096908736],[-98.80771486790616,19.219982299980224],[-98.8078401124895,19.219870183653516],[-98.80802457265953,19.21964258016007],[-98.80819530697147,19.219263097521342],[-98.80823727186862,19.219038645972603],[-98.80815465584574,19.2183551688246],[-98.80790436083595,19.21747862159165],[-98.80786057389359,19.217215876144998],[-98.80766282928603,19.21691524045148],[-98.81327147015618,19.21114025601127],[-98.8145424382821,19.209460792537154],[-98.81458470492677,19.20927720067743],[-98.8187229788551,19.210458171760372],[-98.81832707495438,19.210742724517292],[-98.81846878290861,19.21120486974584],[-98.81852748313254,19.21128934958447],[-98.81873569637834,19.211480483006756],[-98.81862066471116,19.211628626619934],[-98.81824535886577,19.211588932768088],[-98.81796463292004,19.211630675420754],[-98.81776694944838,19.21190718763552],[-98.81770480263175,19.21195505383434],[-98.81756504027351,19.212000999387364],[-98.81744661249479,19.2120561830066],[-98.81724139353943,19.21221479677112],[-98.81727743187916,19.212827357752364],[-98.81737800049314,19.21308883399087],[-98.81762961315759,19.21317347795292],[-98.81778934375487,19.213333984320847],[-98.81778196863529,19.21349947064759],[-98.81780899739012,19.2139759034408],[-98.81789008365448,19.214341734827098],[-98.81806070266937,19.214657582781864],[-98.8173286738937,19.214733088432016],[-98.81717156925627,19.21480965750665],[-98.81685398138742,19.215003206952936],[-98.81653639351863,19.215320117092606],[-98.81628187274431,19.21571997599461],[-98.8161782625176,19.216808948498123],[-98.81621655325355,19.216857867015545],[-98.81628474356734,19.217385131635524],[-98.8163629590087,19.21784048806367],[-98.81639674495219,19.218489184887176],[-98.8164395404806,19.218893289810904],[-98.81639674495216,19.219809966244018],[-98.8159199772234,19.2202548397273],[-98.81565581740215,19.220280985371367],[-98.81520297494882,19.220352313002397],[-98.81519969266847,19.22039831100755],[-98.81326665147489,19.221019724374727],[-98.8132254004717,19.221118461850786],[-98.81304216927171,19.22131050154271],[-98.81294048075235,19.221378440059183],[-98.81282440234821,19.221389310219216],[-98.8126536423817,19.22156685606464],[-98.81258361160894,19.22168280426829],[-98.81252605206969,19.22209677492176],[-98.81254523858277,19.222120326831302],[-98.81249897327135,19.22244086301677],[-98.812447168158,19.222798168303207],[-98.81238747965783,19.223038498207583],[-98.81225935953775,19.223134867422477],[-98.81217688061008,19.223741407990126],[-98.81213436829957,19.22410043370076],[-98.81220165696863,19.224201860120772],[-98.81218814259127,19.224461329113282],[-98.81242564923114,19.22468177907805],[-98.81228269134468,19.225154482493604],[-98.81219976340947,19.225167338242702],[-98.8111594261223,19.224871129425804],[-98.81011459130985,19.22455394473727]]]}},{"type":"Feature","properties":{"id":7013,"entidad":15,"distrito":33,"distrito_l":1,"municipio":26,"seccion":1069,"tipo":2,"control":35241},"geometry":{"type":"Polygon","coordinates":[[[-98.82468302267911,19.21984503698337],[-98.82453558272188,19.220087730586574],[-98.8243765695454,19.22028626119925],[-98.82422536503815,19.220425930134112],[-98.82409634007618,19.22052553927415],[-98.8238075373358,19.220658677163037],[-98.8237165575124,19.22164351361528],[-98.82356225519143,19.22247921033036],[-98.82348045448266,19.223122347061054],[-98.82329117573892,19.22415568980176],[-98.82324622153624,19.2244973292525],[-98.82303676160247,19.225788582853006],[-98.8224124818211,19.225828179629225],[-98.82267291940697,19.226334293956256],[-98.82275731404009,19.226565531122166],[-98.82268976655972,19.226973586322448],[-98.82249567085175,19.227371820021524],[-98.82210825869969,19.227712100575427],[-98.82196410534078,19.228056633918115],[-98.8219441077958,19.228456673570225],[-98.82181928310708,19.228451246838645],[-98.8209871181983,19.228354175407627],[-98.82083949970934,19.228189688902344],[-98.82066085565648,19.227959963969035],[-98.82030474267725,19.227207415028225],[-98.82000145460748,19.226876850007468],[-98.81990413087328,19.226850332961934],[-98.81961686390717,19.226874367803227],[-98.81956586885188,19.22670908603885],[-98.81966387641347,19.226707931118614],[-98.81982934830648,19.226527717239257],[-98.81984706912084,19.226400802901],[-98.81977334671197,19.22628715984665],[-98.81960430227258,19.22626045723533],[-98.81942509429105,19.22614308944623],[-98.81913797500926,19.225867583464744],[-98.81876252014965,19.22555131252032],[-98.81858399766865,19.22545163512014],[-98.81821485320022,19.225304785668776],[-98.81810408108488,19.2251629077484],[-98.81784588037931,19.225013762753445],[-98.81772425098275,19.225013762753424],[-98.81755306886903,19.224927273425582],[-98.81750051295694,19.224837948334272],[-98.8173773819629,19.224727355296825],[-98.81725093838827,19.224636055341318],[-98.81703426199135,19.22458739812374],[-98.81649231998361,19.224375566208447],[-98.81622872624182,19.22388669425294],[-98.81589541147157,19.2235892332576],[-98.81576363391136,19.22354069086483],[-98.81563656122356,19.22489732116977],[-98.81565007560096,19.225061083740908],[-98.81568160914823,19.225207831880258],[-98.81584171698076,19.22585747439196],[-98.81502190470555,19.22583570977586],[-98.81477574541572,19.22583701706132],[-98.81438733397908,19.22582691432447],[-98.81414679797024,19.225767274886394],[-98.81304142006523,19.22536017435721],[-98.8127585971092,19.225299481994185],[-98.81228269134468,19.225154482493604],[-98.81242564923114,19.22468177907805],[-98.81218814259127,19.224461329113282],[-98.81220165696863,19.224201860120772],[-98.81213436829957,19.22410043370076],[-98.81217688061008,19.223741407990126],[-98.81225935953775,19.223134867422477],[-98.81238747965783,19.223038498207583],[-98.812447168158,19.222798168303207],[-98.81249897327135,19.22244086301677],[-98.81254523858277,19.222120326831302],[-98.81252605206969,19.22209677492176],[-98.81258361160894,19.22168280426829],[-98.8126536423817,19.22156685606464],[-98.81282440234821,19.221389310219216],[-98.81294048075235,19.221378440059183],[-98.81304216927171,19.22131050154271],[-98.8132254004717,19.221118461850786],[-98.81326665147489,19.221019724374727],[-98.81519969266847,19.22039831100755],[-98.81520297494882,19.220352313002397],[-98.81565581740215,19.22028098537146],[-98.8159199772234,19.2202548397273],[-98.81639674495216,19.219809966244018],[-98.8164395404806,19.218893289810904],[-98.81639674495219,19.218489184887176],[-98.8163629590087,19.21784048806367],[-98.81628474356734,19.217385131635524],[-98.81621655325355,19.216857867015545],[-98.8161782625176,19.216808948498123],[-98.81628187274431,19.21571997599461],[-98.81653639351863,19.2153201170927],[-98.81685398138742,19.215003206952936],[-98.81717156925627,19.21480965750665],[-98.8173286738937,19.214733088432016],[-98.81806070266937,19.214657582781864],[-98.81789008365448,19.214341734827098],[-98.81780899739012,19.2139759034408],[-98.81778196863529,19.21349947064759],[-98.81778934375487,19.213333984320847],[-98.81762961315759,19.21317347795292],[-98.81737800049314,19.21308883399087],[-98.81727743187916,19.212827357752364],[-98.81724139353943,19.21221479677112],[-98.81744661249479,19.2120561830066],[-98.81756504027351,19.212000999387364],[-98.81770480263175,19.21195505383434],[-98.81776694944838,19.21190718763552],[-98.81796463292004,19.211630675420754],[-98.81824535886577,19.211588932768088],[-98.81862066471116,19.211628626619934],[-98.81873569637834,19.211480483006756],[-98.81852748313254,19.21128934958447],[-98.81846878290861,19.211204869745927],[-98.81832707495438,19.210742724517292],[-98.8187229788551,19.210458171760372],[-98.8191904713845,19.210591576775553],[-98.82614970945997,19.21433945575641],[-98.82536727641862,19.218343497577187],[-98.82514860365822,19.218619000302624],[-98.82468302267911,19.21984503698337]]]}},{"type":"Feature","properties":{"id":7014,"entidad":15,"distrito":33,"distrito_l":1,"municipio":26,"seccion":1070,"tipo":3,"control":35701},"geometry":{"type":"Polygon","coordinates":[[[-98.92132918905682,19.218412761519563],[-98.91940756712047,19.22267688263223],[-98.91766866956122,19.2263705253195],[-98.91756668756891,19.226550860784094],[-98.91723442064908,19.2276147832233],[-98.9168366688737,19.228553540873822],[-98.91655848977558,19.228939089922815],[-98.91562030258221,19.230264636425765],[-98.91515669170802,19.230864576229415],[-98.913106091206,19.226631176400144],[-98.91138348216846,19.223091111559185],[-98.91074869126902,19.22174262533631],[-98.91015415280337,19.22057304453908],[-98.90972767237962,19.220459914149906],[-98.90827343384893,19.220100502410915],[-98.90676678859099,19.21976511145824],[-98.90695934612877,19.219216400947634],[-98.90715997213083,19.21856121396236],[-98.90739362859937,19.217874856485306],[-98.90765736464114,19.21719114870261],[-98.9076984312065,19.217143005939718],[-98.90797484254098,19.216354039818423],[-98.90820581143645,19.215635378700068],[-98.90923371070475,19.215896342051906],[-98.90954184039187,19.215039624692647],[-98.91035981949958,19.21525258346677],[-98.91120575913924,19.215485479345755],[-98.91163207351397,19.215581802737915],[-98.91283764363253,19.215958540343244],[-98.91317552285882,19.216086608032334],[-98.91347788126126,19.216190660711824],[-98.914234154637,19.21650745689208],[-98.91571497992136,19.217055215428747],[-98.91639219629627,19.217277115162624],[-98.91692993260814,19.217416342942315],[-98.91708894065737,19.217357648892644],[-98.91756596480504,19.217484591810827],[-98.91805599870214,19.21758287013171],[-98.91960560441804,19.217950048338576],[-98.92132918905682,19.218412761519563]]]}},{"type":"Feature","properties":{"id":7017,"entidad":15,"distrito":33,"distrito_l":1,"municipio":26,"seccion":1071,"tipo":2,"control":35702},"geometry":{"type":"Polygon","coordinates":[[[-98.90952232580663,19.2331964331265],[-98.90788887948298,19.235737757756784],[-98.90838614101871,19.23585376787796],[-98.90682280278946,19.238158940232275],[-98.90701650350397,19.238366390508663],[-98.9070916709454,19.23845373791503],[-98.90754984300186,19.23858771601349],[-98.9075105126024,19.23872755126078],[-98.90760158084875,19.23875211766949],[-98.906211284,19.241680328],[-98.897866313,19.239231674],[-98.89220965185501,19.236783729955572],[-98.89168504598776,19.236608840331893],[-98.89223792033927,19.235733050116675],[-98.89657321476305,19.2261918242995],[-98.89727711713017,19.22135017236933],[-98.89765215897216,19.218721431608298],[-98.89753190133496,19.21601746375659],[-98.89747952697286,19.214960817856756],[-98.89763683551124,19.21473857621886],[-98.89783342728113,19.21476724121401],[-98.89855040903026,19.21492967609228],[-98.9008169964953,19.215550749146846],[-98.9035656674549,19.216214816970847],[-98.90379261530697,19.21621140450179],[-98.90425146230454,19.21630563536842],[-98.9057266166541,19.216698301780063],[-98.90669595773268,19.216932798897048],[-98.90765736464114,19.21719114870261],[-98.90739362859937,19.217874856485306],[-98.90715997213083,19.21856121396236],[-98.90695934612877,19.219216400947634],[-98.90676678859099,19.21976511145824],[-98.90827343384893,19.220100502410915],[-98.90972767237962,19.220459914149906],[-98.91015415280337,19.22057304453908],[-98.91074869126902,19.22174262533631],[-98.91138348216846,19.223091111559185],[-98.913106091206,19.226631176400144],[-98.91515669170802,19.230864576229415],[-98.91432883926007,19.23210594233954],[-98.91320161546645,19.233912976012242],[-98.91309928415006,19.234026257738254],[-98.9124712452022,19.233897408154874],[-98.91215229812745,19.233811040595338],[-98.91012438810213,19.233313809888664],[-98.91007808223273,19.23331191122714],[-98.90952232580663,19.2331964331265]]]}},{"type":"Feature","properties":{"id":14135,"entidad":15,"distrito":33,"distrito_l":1,"municipio":26,"seccion":1072,"tipo":3,"control":35707},"geometry":{"type":"Polygon","coordinates":[[[-98.91962178887982,19.182420894300165],[-98.9197566143341,19.182696796537158],[-98.91974912402924,19.182965623917728],[-98.91955437610234,19.183015144703162],[-98.91923229299252,19.18296562391776],[-98.91917986085836,19.183050516683583],[-98.91929970573642,19.18315663257941],[-98.91909746750468,19.183163706970042],[-98.91898511293148,19.183418384830034],[-98.91869299104117,19.18369428540051],[-98.91846745603115,19.18548459667372],[-98.91826222137723,19.18557032222306],[-98.91812638955892,19.185893505894548],[-98.91833224768719,19.1862618882039],[-98.91775801185571,19.186916788052173],[-98.91769300402574,19.18843123397461],[-98.91748714589748,19.18857449165146],[-98.9173896341525,19.188820075950385],[-98.91746547662082,19.18902472925297],[-98.91772550794074,19.189219149654765],[-98.917719324415,19.189883035122396],[-98.91758474244823,19.18994480520242],[-98.91727910302835,19.1899459930884],[-98.91705270345808,19.19005052701647],[-98.91700616576863,19.190106357609956],[-98.91704138347956,19.190176442796176],[-98.91709295227056,19.19022277027581],[-98.91723004978812,19.190328491911284],[-98.91729796965919,19.1904116437117],[-98.91739859169043,19.19059695328734],[-98.91755455583883,19.19082265056554],[-98.91777089320598,19.191171886796734],[-98.91794195065908,19.19152349803603],[-98.91794195065908,19.191675545906914],[-98.91796710616694,19.191813339168647],[-98.91804005713958,19.191898865962635],[-98.91815325692473,19.191901241706343],[-98.91833940768251,19.191841848104886],[-98.91853048276354,19.191959162470457],[-98.9187047316716,19.192026207290443],[-98.91892845866468,19.192050587218215],[-98.91900375140274,19.19208309378302],[-98.9189779367497,19.192186708415363],[-98.91882994008476,19.192178015606267],[-98.91884503338945,19.192251663518427],[-98.91901231751636,19.192306305496526],[-98.91913449085258,19.192265616303455],[-98.91918259747216,19.1920895637606],[-98.91939907726022,19.191896473658254],[-98.9194471838798,19.191777212011388],[-98.91963961035806,19.191748816368413],[-98.9199162234206,19.191396709988876],[-98.92007858326163,19.191169544183005],[-98.91995831671272,19.191663629410193],[-98.91991021009314,19.19207252640771],[-98.91997635669506,19.192345123841722],[-98.92000642333228,19.192549571621008],[-98.92015074319099,19.192810810080513],[-98.92014472986355,19.193003899110227],[-98.92023492977523,19.193077727208745],[-98.92083024919242,19.19320834607123],[-98.92094450241389,19.193441188134194],[-98.92094450241389,19.19357748577424],[-98.92078214257285,19.193804648256947],[-98.92065586269646,19.19404316852635],[-98.92075207593561,19.194276009408245],[-98.92078214257285,19.194412306357048],[-98.92066187602393,19.194645146716756],[-98.92064984936903,19.19487230772584],[-98.9207266088161,19.194988126043242],[-98.92087641491366,19.19493153497442],[-98.92125093015768,19.195073012609903],[-98.92133332351135,19.195228637868524],[-98.92122096893814,19.19582284204756],[-98.92129587198696,19.196049204979985],[-98.921543052048,19.19616946016116],[-98.92173030967,19.196190681654578],[-98.92185308394873,19.196363742150204],[-98.92169052146691,19.19649054563589],[-98.92154471604837,19.19653770079473],[-98.92138895285198,19.19662262554536],[-98.92087205069151,19.196694803386087],[-98.92082228863515,19.19682699082274],[-98.92082538962039,19.197270836353304],[-98.92087502241746,19.197409362339105],[-98.92087822886627,19.19763285972265],[-98.92105051459856,19.197642377461378],[-98.9211730277914,19.197806117368252],[-98.92130551698209,19.197894313531013],[-98.92132528295613,19.198133557155675],[-98.9214809923649,19.198165102195116],[-98.9216902637818,19.198540166396867],[-98.92157294927237,19.198736848359463],[-98.92087393578133,19.200107350486327],[-98.9204583019441,19.20084457667348],[-98.92037914243986,19.201070264272538],[-98.9200049715706,19.201782691536323],[-98.9196783594609,19.202426266359314],[-98.91960069546313,19.202396467823668],[-98.91951636237393,19.202811642611728],[-98.91940347332884,19.202789187797478],[-98.91931938992958,19.202977657831173],[-98.91927784365436,19.203110494971632],[-98.9189574294938,19.2030562648984],[-98.9189067720025,19.203352436419177],[-98.91915429406052,19.2033983095918],[-98.91904610208081,19.20386940065345],[-98.9187954701296,19.2038443487091],[-98.91842415287765,19.203843230465477],[-98.91737009579899,19.203927080412154],[-98.91686416109697,19.20398714434515],[-98.91642427143348,19.20407627368067],[-98.91587652638607,19.20415572571725],[-98.91589105393533,19.204421742489448],[-98.91597408510358,19.20464159958228],[-98.91585229169291,19.205043719943482],[-98.91581181691673,19.205387719836523],[-98.91568530371838,19.205662875303172],[-98.91552862284409,19.205784040394878],[-98.91531714972209,19.2059198754693],[-98.91509192324487,19.206166531880978],[-98.91496163183812,19.206250536228126],[-98.9144022018806,19.206321125353174],[-98.91259970479845,19.204170811801664],[-98.9125709973491,19.204267854880236],[-98.9125709725203,19.20561884326533],[-98.91267482901236,19.206042214156763],[-98.91265839819532,19.20625590684358],[-98.91266845665884,19.206684652120536],[-98.91279750437516,19.206954075166895],[-98.91241784526831,19.207309993422076],[-98.91222725959403,19.207714358654083],[-98.91180721501445,19.208703875624405],[-98.91123979342888,19.209927108708335],[-98.91110584119345,19.21028292870703],[-98.91068181972884,19.211221161380234],[-98.9104559521072,19.21204435012098],[-98.91022480073504,19.212801471012735],[-98.90999856695979,19.213498924149118],[-98.90976521129937,19.214260274140056],[-98.90954184039187,19.215039624692647],[-98.90923371070475,19.215896342051906],[-98.90820581143645,19.215635378700068],[-98.90797484254098,19.216354039818423],[-98.9076984312065,19.217143005939718],[-98.90765736464114,19.21719114870261],[-98.90669595773268,19.216932798897048],[-98.9057266166541,19.216698301780063],[-98.90425146230454,19.21630563536842],[-98.90379261530697,19.21621140450179],[-98.9035656674549,19.216214816970847],[-98.9012311726611,19.21565307723783],[-98.9008169964953,19.215550749146846],[-98.89855040903026,19.21492967609228],[-98.89783342728113,19.21476724121401],[-98.89763683551124,19.21473857621886],[-98.89747952697286,19.214960817856756],[-98.89714138400645,19.207594505325726],[-98.89045658009721,19.203623063484013],[-98.8916816601887,19.20040868597658],[-98.89447313109716,19.195067273348442],[-98.89549150438496,19.19436875449945],[-98.89627882439669,19.19394109262801],[-98.89703710915471,19.19323749461236],[-98.89797424937262,19.193100105185653],[-98.89880549813466,19.193304000906576],[-98.8993976898099,19.193375904039566],[-98.89954127404341,19.192989627244852],[-98.89937904942583,19.191334672193996],[-98.89964195676107,19.19056146804053],[-98.89973714865322,19.19003702457177],[-98.89977198102136,19.189314989154433],[-98.89971566485148,19.188694439790563],[-98.89969032020058,19.18782248246841],[-98.89984382987734,19.186945980442],[-98.89999204625144,19.18604147075278],[-98.90020060351199,19.185037565921515],[-98.90033296646106,19.184158012102884],[-98.90021946603429,19.183409911485583],[-98.89972371975168,19.18198749049709],[-98.89963010031616,19.181400449597458],[-98.8999815326655,19.180491913610407],[-98.90033170527123,19.180087764234425],[-98.90078601161876,19.17986966279303],[-98.9014036739573,19.179896385309437],[-98.90231628415599,19.179769805091706],[-98.90307556842816,19.179478926855953],[-98.90330143033682,19.179235498416812],[-98.90363803101579,19.178814926589244],[-98.90393308985072,19.17822740352962],[-98.90420169184127,19.177465159469502],[-98.90444140255943,19.17711636414834],[-98.90466133137664,19.176823706595897],[-98.90513382566864,19.176376682071005],[-98.90607124417866,19.174393326955943],[-98.90611308910768,19.17372935794376],[-98.90601135656834,19.172993105221828],[-98.90580966008878,19.17259833092231],[-98.90542443447916,19.171809152832335],[-98.90550378031446,19.171100286344036],[-98.90638002343204,19.169596972967636],[-98.90653846596106,19.169107849647883],[-98.90649640053749,19.16825439269537],[-98.90642032740791,19.167614510496975],[-98.90638882893923,19.16697165149329],[-98.90636831083748,19.165916322867766],[-98.90701189353626,19.164234123377497],[-98.90860812406594,19.162662983680242],[-98.9221439913991,19.168436485483593],[-98.92077624324503,19.172508214290655],[-98.91873457397094,19.173871414086797],[-98.91863345413353,19.17415059792209],[-98.9179722859658,19.174503250511453],[-98.91727222555288,19.17460610737454],[-98.91689706811863,19.17464631686777],[-98.91658004697652,19.1752002676909],[-98.9160648876206,19.175604500899883],[-98.91566068566443,19.175948846925266],[-98.91577956859271,19.176121019668095],[-98.9160173344493,19.176225820379933],[-98.91624717477733,19.176435421603685],[-98.91639775981982,19.17687708045229],[-98.91665930226206,19.17702679504743],[-98.91674648307612,19.17728130954712],[-98.91672270649048,19.177595709268452],[-98.9166355256764,19.177947536816607],[-98.91641219320528,19.178314140907016],[-98.91696647576639,19.178441483635527],[-98.9172585976567,19.178646646713418],[-98.91731852009573,19.17885888411121],[-98.91704886912005,19.17930458175662],[-98.91734099101036,19.179431923719523],[-98.9176256225958,19.179481445567394],[-98.91775295777876,19.179665383729166],[-98.918112492413,19.179679532810027],[-98.91847202704723,19.179905917938434],[-98.91895889686441,19.18026671859375],[-98.9193034508889,19.18023134601542],[-98.91975286918168,19.180026184911345],[-98.91997757832807,19.18001203586032],[-98.92013487473055,19.180302091164535],[-98.9203745644867,19.180372836283187],[-98.92068166698678,19.180514326429364],[-98.92075657003556,19.180825604323125],[-98.9206367251575,19.181044913395056],[-98.9207008202584,19.181174055382755],[-98.92083775123253,19.18120638767099],[-98.9210621658846,19.18132493934028],[-98.92126375870764,19.181493785509918],[-98.92148436972154,19.18165544657389],[-98.92178866077518,19.182338013761473],[-98.92191798447298,19.18257511538572],[-98.92189896601187,19.182654148886982],[-98.92175062439348,19.18274036783097],[-98.92153001337958,19.182740367830966],[-98.92136265330008,19.182686481182277],[-98.92115345320069,19.182711628287237],[-98.92089860944327,19.18292717474344],[-98.92060192566596,19.182704443400485],[-98.92008618774882,19.182505787342134],[-98.91962178887982,19.182420894300165]]]}},{"type":"Feature","properties":{"id":14136,"entidad":15,"distrito":33,"distrito_l":1,"municipio":26,"seccion":1073,"tipo":2,"control":35703},"geometry":{"type":"Polygon","coordinates":[[[-98.91266845665884,19.206684652120536],[-98.91265839819532,19.20625590684358],[-98.91267482901236,19.206042214156763],[-98.9125709725203,19.20561884326533],[-98.9125709973491,19.204267854880236],[-98.91259970479845,19.204170811801664],[-98.9144022018806,19.206321125353174],[-98.91496163183812,19.206250536228126],[-98.91509192324487,19.206166531880978],[-98.91531714972209,19.2059198754693],[-98.91552862284409,19.205784040394878],[-98.91568530371838,19.205662875303172],[-98.91581181691673,19.205387719836523],[-98.91585229169291,19.205043719943482],[-98.91597408510358,19.20464159958228],[-98.91589105393533,19.204421742489448],[-98.91587652638607,19.20415572571725],[-98.91642427143348,19.20407627368067],[-98.91686416109697,19.20398714434515],[-98.91737009579899,19.203927080412154],[-98.91842415287765,19.203843230465477],[-98.9187954701296,19.2038443487091],[-98.91912450351083,19.203877237205155],[-98.91915593708907,19.204096349016325],[-98.9193787313932,19.204136986343837],[-98.91931345420927,19.20457346224105],[-98.91912894165235,19.20516322546157],[-98.91910035456425,19.205276352055282],[-98.9190948648272,19.205557288861822],[-98.91900873812567,19.20585604302599],[-98.91883046526367,19.205813322458102],[-98.91876900524991,19.20590013500975],[-98.91859463846934,19.20632279527499],[-98.91892078566129,19.206482849626223],[-98.91951019958859,19.206816267250307],[-98.91943714597664,19.207145349910125],[-98.91929650614328,19.207429087464327],[-98.91922453296975,19.207642848092338],[-98.91919466252428,19.207772076143623],[-98.91925929262919,19.20779782411916],[-98.91935068836845,19.207851949394154],[-98.91940645526022,19.207906074651227],[-98.91942659330446,19.20795873704642],[-98.9194219460635,19.20802895354714],[-98.91939870985857,19.208135741084572],[-98.91939406261758,19.20830250504531],[-98.91937237549303,19.208363944356666],[-98.91937237549303,19.208422457965167],[-98.91938476813564,19.20847219451604],[-98.91948545835686,19.20859361015061],[-98.9195396761683,19.208676991920033],[-98.91959079581906,19.208791824638453],[-98.91975654741402,19.209088780213772],[-98.91983709959102,19.209212389642424],[-98.91985026677379,19.209296502514174],[-98.91983167780988,19.209413529046746],[-98.91982857964922,19.209495447569996],[-98.91986575757706,19.20971779764167],[-98.91983167780987,19.20980264166871],[-98.91981928516724,19.20987285738215],[-98.91984097229182,19.209913816534485],[-98.91992462262947,19.21002206567359],[-98.91984097229182,19.21014201733917],[-98.91976042011484,19.210139091689815],[-98.91967367161654,19.210165422532032],[-98.91965508265262,19.210270745858484],[-98.920026861931,19.210411176855644],[-98.92015078835713,19.210522351309955],[-98.9201198067506,19.21070959232625],[-98.9201136104293,19.211013858523028],[-98.92017557364235,19.21114258635984],[-98.92023731373963,19.21125411664521],[-98.92022427990183,19.211391264058523],[-98.92090782961728,19.211296736956346],[-98.92046405483894,19.212526347408588],[-98.92041531069853,19.212644057733833],[-98.91997009363638,19.213826826353216],[-98.92129904468938,19.2156362247982],[-98.92196651256742,19.216599060539952],[-98.92132918905682,19.218412761519563],[-98.91960560441804,19.217950048338576],[-98.91805599870214,19.21758287013171],[-98.91756596480504,19.217484591810827],[-98.91708894065737,19.217357648892644],[-98.91692993260814,19.217416342942315],[-98.91639219629627,19.217277115162624],[-98.91571497992136,19.217055215428747],[-98.914234154637,19.21650745689208],[-98.91347788126126,19.216190660711824],[-98.91317552285882,19.216086608032334],[-98.91283764363253,19.215958540343244],[-98.91163207351397,19.215581802737915],[-98.91120575913924,19.215485479345755],[-98.91035981949958,19.21525258346677],[-98.90954184039187,19.215039624692647],[-98.90976521129937,19.214260274140056],[-98.90999856695979,19.213498924149118],[-98.91022480073504,19.212801471012735],[-98.9104559521072,19.21204435012098],[-98.91068181972884,19.211221161380234],[-98.91110584119345,19.21028292870703],[-98.91123979342888,19.209927108708335],[-98.91180721501445,19.208703875624405],[-98.91222725959403,19.207714358654083],[-98.91241784526831,19.207309993422076],[-98.91279750437516,19.206954075166895],[-98.91266845665884,19.206684652120536]]]}},{"type":"Feature","properties":{"id":7015,"entidad":15,"distrito":33,"distrito_l":1,"municipio":26,"seccion":1074,"tipo":2,"control":35704},"geometry":{"type":"Polygon","coordinates":[[[-98.92874221201885,19.21343632880675],[-98.93008224726132,19.209032550169646],[-98.92962931524234,19.208926986480936],[-98.9285326415453,19.209218196492408],[-98.92746487840267,19.20944388389656],[-98.92745554270218,19.209331722752317],[-98.92784475104078,19.208546478869263],[-98.92791973779192,19.208466509597994],[-98.9281413853757,19.20762017520534],[-98.92810488331719,19.207502108041336],[-98.92808163689655,19.20732850734364],[-98.92814740840784,19.207217254801478],[-98.92826015957003,19.206914210685298],[-98.92833990451594,19.206724694073674],[-98.92837459718123,19.20656816638333],[-98.92836857414896,19.206293105008573],[-98.92871188698248,19.206294470078493],[-98.92886366739312,19.20639616776118],[-98.92902514722944,19.20645332459972],[-98.92906568234092,19.20653174964401],[-98.92907458029225,19.206596170188128],[-98.92906271635717,19.206654988923802],[-98.92900339668175,19.207342139578564],[-98.9291702573562,19.2077595291666],[-98.92957486703146,19.20788681651074],[-98.92969099109165,19.20737537444526],[-98.92971227431917,19.207371645250582],[-98.92985480021632,19.207284679423747],[-98.93007068303946,19.20708780133968],[-98.93046579394965,19.207035018879633],[-98.93092739913496,19.207143313908713],[-98.93143993585635,19.207282537649895],[-98.93211755029125,19.207510060410353],[-98.93249807885668,19.207599293957117],[-98.93292800949969,19.20768387794558],[-98.9330475064579,19.207787622355468],[-98.93262464929835,19.209171129846787],[-98.93248447296628,19.209716335028535],[-98.93287408545964,19.209779862862547],[-98.93307545332715,19.209805165104445],[-98.93335575115634,19.209905790647806],[-98.93386216594119,19.210031810486836],[-98.9341095800759,19.21010899952221],[-98.93452735925193,19.21022818475625],[-98.9354731019724,19.21055684587978],[-98.93746503917082,19.211162920128558],[-98.93802879498172,19.21137131451182],[-98.9386050786995,19.21168072053251],[-98.93858773236687,19.21180084271305],[-98.93846245329777,19.212019246452865],[-98.93953985329193,19.21288375840923],[-98.94014504756413,19.213247762083544],[-98.93980583039249,19.214266968084253],[-98.93946661322082,19.215635606202643],[-98.94167152483668,19.216319920988756],[-98.94187197134718,19.216523758885096],[-98.942172641113,19.216494639201134],[-98.94171007224254,19.21813261340961],[-98.94681379044644,19.219717856958656],[-98.94565669217836,19.224759786211376],[-98.94499121327122,19.224810926859178],[-98.94445627185695,19.224560732093472],[-98.94106164362996,19.22354342681095],[-98.94079667264907,19.223420688856823],[-98.93904686428462,19.223040672686842],[-98.93809196886289,19.22270550241624],[-98.93014971368305,19.220490883076966],[-98.9295287908349,19.220360914609824],[-98.92881886114404,19.214189728882346],[-98.92874221201885,19.21343632880675]]]}},{"type":"Feature","properties":{"id":14163,"entidad":15,"distrito":33,"distrito_l":1,"municipio":26,"seccion":1075,"tipo":2,"control":35708},"geometry":{"type":"Polygon","coordinates":[[[-98.91962178887982,19.182420894300165],[-98.92008618774882,19.182505787342134],[-98.92060192566596,19.182704443400485],[-98.92089860944327,19.18292717474344],[-98.92115345320069,19.182711628287237],[-98.92136265330008,19.182686481182277],[-98.92153001337958,19.182740367830966],[-98.92175062439348,19.18274036783097],[-98.92189896601187,19.182654148886982],[-98.92191798447298,19.18257511538572],[-98.92178866077518,19.182338013761473],[-98.92148436972154,19.18165544657389],[-98.92126375870764,19.181493785509918],[-98.9210621658846,19.18132493934028],[-98.92083775123253,19.18120638767099],[-98.9207008202584,19.181174055382755],[-98.9206367251575,19.181044913395056],[-98.92075657003556,19.180825604323125],[-98.92068166698678,19.180514326429364],[-98.9203745644867,19.180372836283187],[-98.92013487473055,19.180302091164535],[-98.91997757832807,19.18001203586032],[-98.91975286918168,19.180026184911345],[-98.9193034508889,19.18023134601542],[-98.91895889686441,19.18026671859375],[-98.91847202704723,19.179905917938434],[-98.918112492413,19.179679532810027],[-98.91775295777876,19.179665383729166],[-98.9176256225958,19.179481445567394],[-98.91734099101036,19.179431923719523],[-98.91704886912005,19.17930458175662],[-98.91731852009573,19.17885888411121],[-98.9172585976567,19.178646646713418],[-98.91696647576639,19.178441483635527],[-98.91641219320528,19.178314140907016],[-98.9166355256764,19.177947536816607],[-98.91672270649048,19.177595709268452],[-98.91674648307612,19.17728130954712],[-98.91665930226206,19.17702679504743],[-98.91639775981982,19.17687708045229],[-98.91624717477733,19.176435421603685],[-98.9160173344493,19.176225820379933],[-98.91577956859271,19.176121019668095],[-98.91566068566443,19.175948846925266],[-98.9160648876206,19.175604500899883],[-98.91658004697652,19.1752002676909],[-98.91689706811863,19.17464631686777],[-98.91727222555288,19.17460610737454],[-98.9179722859658,19.174503250511453],[-98.91863345413353,19.17415059792209],[-98.91873457397094,19.173871414086797],[-98.92077624324503,19.172508214290655],[-98.9221439913991,19.168436485483593],[-98.92237681919146,19.1682758002479],[-98.92303313799992,19.16599756902772],[-98.92373170799998,19.163887600027707],[-98.92443447699996,19.162145923027648],[-98.92531147699998,19.160173831027645],[-98.92463223374173,19.15827961991792],[-98.92737885219391,19.158044166862357],[-98.92797573799999,19.158080662027587],[-98.92895561499994,19.15798470802766],[-98.92993599999993,19.15780803102765],[-98.93045438499995,19.15786318502761],[-98.93232290799995,19.157502200027622],[-98.93257146648382,19.15757352866638],[-98.93237413146146,19.157776829050515],[-98.93237413146146,19.15802807573998],[-98.93250133790083,19.15837217384571],[-98.93247242734644,19.158552415424154],[-98.93247242734644,19.159087677132128],[-98.93250712001172,19.15937715467892],[-98.93270371178164,19.159655708064946],[-98.93295812466039,19.16063337210779],[-98.93335130820024,19.162042508965357],[-98.93337443664377,19.16240844563693],[-98.93341491141993,19.16263237663241],[-98.93353055363754,19.162818075276057],[-98.93356524630283,19.163020158856472],[-98.93347273252874,19.163320552910157],[-98.93347851463962,19.163626408111575],[-98.93346695041787,19.164090651529435],[-98.93317206276296,19.16489351647265],[-98.9326343264511,19.165374141234373],[-98.93258228745316,19.1659585353637],[-98.93265167278372,19.166493773029075],[-98.93264010856196,19.166821468701116],[-98.93273840444694,19.16715462529984],[-98.93302172788007,19.167700782201777],[-98.93285982877542,19.16813770642032],[-98.9324782094573,19.168476321893028],[-98.93241460623763,19.16864016783975],[-98.93258806956405,19.16900062834931],[-98.93266901911635,19.169355626565416],[-98.93262854434019,19.169612317106917],[-98.93234522090705,19.16979254639719],[-98.93223536080033,19.16994000657896],[-98.9322411429112,19.170169388821705],[-98.9323278745744,19.170600845032368],[-98.93258806956402,19.17090122527149],[-98.93261698011841,19.17104868446137],[-98.93249555578993,19.17177505558157],[-98.9323567851288,19.17194982108757],[-98.93199829425421,19.17211366358108],[-98.931767009819,19.172403118254802],[-98.93156463593819,19.172965641921394],[-98.93137960839,19.17343532040499],[-98.93139695472264,19.173705657994844],[-98.93157041804906,19.173904997549762],[-98.93178724720707,19.174366481347377],[-98.93233943879613,19.176067679684873],[-98.93260830695208,19.17737565169448],[-98.93276731500127,19.177676019583345],[-98.93285404666449,19.178132031604004],[-98.93268058333807,19.178612617756645],[-98.93263721750648,19.179270690838987],[-98.93272973128056,19.179677547985545],[-98.93267191017176,19.180212741090823],[-98.93258806956399,19.180466684149778],[-98.9324377346811,19.180701512866644],[-98.9317178618765,19.181302235967486],[-98.93167160498949,19.18150156633051],[-98.9320185316423,19.18222243028699],[-98.93203876903038,19.18244633435852],[-98.93198383897702,19.182667507593763],[-98.93183061303868,19.183055242672058],[-98.93161378388066,19.183432054760903],[-98.9314171921107,19.183571311184167],[-98.93082163469,19.18389624238067],[-98.93075224935946,19.18406826451928],[-98.93073490302682,19.184193867872015],[-98.93087078263251,19.18460071285692],[-98.93082741680091,19.18472358530571],[-98.93063082503097,19.18478911724093],[-98.93029257154446,19.18499390437041],[-98.93008441555278,19.1851058545602],[-98.9296681035694,19.185228726632104],[-98.92959582718339,19.185362520561704],[-98.92965364829222,19.18569837015085],[-98.9297750726207,19.185903156149504],[-98.93008152449735,19.186249926526568],[-98.9302347504357,19.18659942663996],[-98.93033882843153,19.186675879690945],[-98.93071755669418,19.186746871777867],[-98.93085343629987,19.18679055920074],[-98.93155596277184,19.187213780510042],[-98.93164558549049,19.18732026828101],[-98.93163402126874,19.187432216889142],[-98.93130733200398,19.187456790963697],[-98.93122349139622,19.18751959135971],[-98.93110784917862,19.18784724521115],[-98.93094305901853,19.18780355806861],[-98.93084476313356,19.187762601361978],[-98.93087367368797,19.187951002128138],[-98.93079561519109,19.188191281053427],[-98.93055276653409,19.188289576876315],[-98.9305094007025,19.188267733365144],[-98.93038219426315,19.18831688126111],[-98.93031859104346,19.18835783782992],[-98.93035906581962,19.18839333351455],[-98.93033304632067,19.18852985530745],[-98.93028968048905,19.188565350954963],[-98.9302636609901,19.18865818568947],[-98.93018271143777,19.188718255195585],[-98.9301277813844,19.18878105511044],[-98.92998611966782,19.188794707262673],[-98.92992540750359,19.18885204628968],[-98.92989071483831,19.18891757658175],[-98.92985024006214,19.18892849829462],[-98.92983578478494,19.189108706451428],[-98.92964208407045,19.18948277426857],[-98.92962184668237,19.18963840807347],[-98.9295004223539,19.18978038966185],[-98.9294426012451,19.189971518529806],[-98.92934430536012,19.190561286209324],[-98.92927492002957,19.190741492578884],[-98.92901472503995,19.19089439479834],[-98.92835556439958,19.190779718147017],[-98.9280548946338,19.190774257352157],[-98.92776000697877,19.191000880188643],[-98.92749113882284,19.191058218447257],[-98.92739573399331,19.191140130210563],[-98.92732634866273,19.191301223226226],[-98.92723672594408,19.19137494370624],[-98.92717890483529,19.19147596801412],[-98.92716155850265,19.191910098793535],[-98.92726852755395,19.19197835824588],[-98.92739284293789,19.191961975979943],[-98.92743909982492,19.191926481064723],[-98.92761545420677,19.19185003045206],[-98.92772242325806,19.1918527608317],[-98.92779469964407,19.191880064625565],[-98.92797105402592,19.191901907657357],[-98.9280057466912,19.19203296578739],[-98.927919015028,19.192202249050894],[-98.92775422486791,19.192325115826662],[-98.92754895993164,19.192357880284742],[-98.92741308032596,19.192467095097772],[-98.92728298283114,19.192644569014462],[-98.92715143980865,19.19276333991338],[-98.92697797648223,19.193041836857446],[-98.92699532281488,19.193140129784062],[-98.9270762723672,19.193254804790914],[-98.92711096503248,19.19336674936332],[-98.92701266914752,19.19359063827984],[-98.92701266914752,19.193819987585847],[-98.92691292773479,19.193974252117822],[-98.92673512782522,19.194133977188898],[-98.92663538641253,19.19440974147663],[-98.9264171117268,19.194521685263556],[-98.92621329231825,19.194864341991764],[-98.92622196548459,19.194973555141626],[-98.92615980779263,19.19541859797806],[-98.9260513932136,19.19559060807709],[-98.92599790868796,19.195772174097627],[-98.92587937541491,19.19600698098504],[-98.92564953650742,19.196359190688003],[-98.92562351700845,19.196539390709606],[-98.9253517577971,19.1967905782894],[-98.92483136781787,19.19791545709539],[-98.92465501343598,19.198161182024815],[-98.924484441165,19.198327728712734],[-98.92445263955516,19.19868266371481],[-98.9245422622738,19.198991183517762],[-98.92454515332926,19.19913315703803],[-98.92447865905412,19.199406182694197],[-98.92466079554686,19.199684668396692],[-98.92467958740723,19.199789100413675],[-98.92458851916085,19.200031409740085],[-98.92449889644219,19.200172017241997],[-98.92447938181796,19.200284639668933],[-98.92452419317729,19.20042934231046],[-98.92463838986716,19.200527630824567],[-98.92484220927572,19.20072011232787],[-98.92493905963292,19.200873005276506],[-98.92493905963292,19.201330318158497],[-98.92489280274587,19.20143816190663],[-98.92486591659986,19.20162899889387],[-98.92492749541118,19.201821757450478],[-98.92493472304977,19.202148017725115],[-98.92482630847076,19.202509769992957],[-98.92468464675422,19.202774599450695],[-98.92447215417937,19.202995745372192],[-98.92443746151409,19.203145906013706],[-98.92444107533339,19.203247605643025],[-98.92467958740718,19.2040182001201],[-98.92463694433945,19.20422501095522],[-98.92450395578919,19.20434855129707],[-98.92443312493091,19.20481609263456],[-98.92422930552237,19.204751933755965],[-98.92406306983456,19.20462771117525],[-98.9240009121426,19.20496761669532],[-98.92386358700918,19.205419457885636],[-98.92387672413174,19.205819837236366],[-98.92400886254507,19.206170931194954],[-98.92403632757173,19.20629651768023],[-98.92402693164158,19.20643780236147],[-98.92404418144841,19.206577141379974],[-98.92405150561277,19.206707403228148],[-98.92402404058612,19.20691148055233],[-98.92407246576475,19.20709781180105],[-98.9239915162124,19.207473886315714],[-98.92492677264732,19.20770594638575],[-98.9250498834248,19.207273449857784],[-98.92518632914137,19.206863367822297],[-98.92525803941649,19.20667646171986],[-98.92512697823656,19.206435299738637],[-98.92509669153648,19.206072751301658],[-98.92472971287361,19.205863365090618],[-98.92471243568276,19.20541831652386],[-98.92495590223093,19.205441044309858],[-98.92509563452558,19.20546255614576],[-98.9252744220639,19.205566886165766],[-98.92532754057787,19.205813791487536],[-98.92545439026505,19.20629447007853],[-98.92579408927932,19.206473294149667],[-98.92612077854409,19.20650469072228],[-98.92676982049045,19.206643245090593],[-98.92710735121312,19.2067435774913],[-98.92729743810833,19.206786577072936],[-98.9274376542972,19.206829576643262],[-98.92760461274887,19.20695925781904],[-98.92779542240797,19.2071558269852],[-98.9279161239726,19.207248651232074],[-98.92808163689655,19.20732850734364],[-98.92810488331719,19.207502108041336],[-98.9281413853757,19.20762017520534],[-98.92791973779192,19.208466509597994],[-98.92784475104078,19.208546478869263],[-98.92745554270218,19.209331722752317],[-98.92746487840267,19.20944388389656],[-98.9285326415453,19.209218196492408],[-98.92962931524234,19.208926986480936],[-98.93008224726132,19.209032550169646],[-98.92874221201885,19.21343632880675],[-98.92881886114404,19.214189728882346],[-98.9295287908349,19.220360914609824],[-98.92947964289242,19.220614795708855],[-98.92939046567385,19.22114151735781],[-98.92940395304814,19.222060053071456],[-98.92936542618119,19.223122529225638],[-98.92927973545659,19.223556726768912],[-98.92647537212007,19.222822541324604],[-98.92592075311276,19.222096185498913],[-98.92524894463732,19.22439020705715],[-98.92523738041557,19.22455126750642],[-98.9241575712087,19.224242795660018],[-98.92263253946399,19.22383604871186],[-98.9223318696982,19.223741868905773],[-98.92224802909045,19.223702286072697],[-98.92211648606792,19.223659973378386],[-98.92203987309875,19.223580807663105],[-98.92177317323443,19.22349413481037],[-98.92146166201074,19.22334808753774],[-98.92129904014224,19.22335695957206],[-98.92107715163716,19.223288030677775],[-98.92100415248731,19.223252542522875],[-98.92093982650377,19.22321364203655],[-98.92094560861463,19.22314164198947],[-98.91940756712047,19.22267688263223],[-98.92132918905682,19.218412761519563],[-98.92196651256742,19.216599060539952],[-98.92129904468938,19.2156362247982],[-98.91997009363638,19.213826826353216],[-98.92041531069853,19.212644057733833],[-98.92046405483894,19.212526347408588],[-98.92090782961728,19.211296736956346],[-98.92022427990183,19.211391264058523],[-98.92023731373963,19.21125411664521],[-98.92017557364235,19.21114258635984],[-98.9201136104293,19.211013858523028],[-98.9201198067506,19.21070959232625],[-98.92015078835713,19.210522351309955],[-98.920026861931,19.210411176855644],[-98.91965508265262,19.210270745858484],[-98.91967367161654,19.210165422532032],[-98.91976042011484,19.210139091689815],[-98.91984097229182,19.21014201733917],[-98.91992462262947,19.21002206567359],[-98.91984097229182,19.209913816534485],[-98.91981928516724,19.20987285738215],[-98.91983167780987,19.20980264166871],[-98.91986575757706,19.20971779764167],[-98.91982857964922,19.209495447569996],[-98.91983167780988,19.209413529046746],[-98.91985026677379,19.209296502514174],[-98.91983709959102,19.209212389642424],[-98.91975654741402,19.209088780213772],[-98.91959079581906,19.208791824638453],[-98.9195396761683,19.208676991920033],[-98.91948545835686,19.20859361015061],[-98.91938476813564,19.20847219451604],[-98.91937237549303,19.208422457965167],[-98.91937237549303,19.208363944356666],[-98.91939406261758,19.20830250504531],[-98.91939870985857,19.208135741084572],[-98.9194219460635,19.20802895354714],[-98.91942659330446,19.20795873704642],[-98.91940645526022,19.207906074651227],[-98.91935068836845,19.207851949394154],[-98.91925929262919,19.20779782411916],[-98.91919466252428,19.207772076143623],[-98.91922453296975,19.207642848092338],[-98.91929650614328,19.207429087464327],[-98.91943714597664,19.207145349910125],[-98.91951019958859,19.206816267250307],[-98.91892078566129,19.206482849626223],[-98.91859463846934,19.20632279527499],[-98.91876900524991,19.20590013500975],[-98.91883046526367,19.205813322458102],[-98.91900873812567,19.20585604302599],[-98.9190948648272,19.205557288861822],[-98.91910035456425,19.205276352055282],[-98.91912894165235,19.20516322546157],[-98.91931345420927,19.20457346224105],[-98.9193787313932,19.204136986343837],[-98.91915593708907,19.204096349016325],[-98.91912450351083,19.203877237205155],[-98.91904610208081,19.20386940065345],[-98.91915429406052,19.2033983095918],[-98.9189067720025,19.203352436419177],[-98.9189574294938,19.2030562648984],[-98.91927784365436,19.203110494971632],[-98.91931938992958,19.202977657831173],[-98.91940347332884,19.202789187797478],[-98.91951636237393,19.202811642611728],[-98.91960069546313,19.202396467823668],[-98.9196783594609,19.202426266359314],[-98.9200049715706,19.201782691536323],[-98.92037914243986,19.201070264272538],[-98.9204583019441,19.20084457667348],[-98.92087393578133,19.200107350486327],[-98.92157294927237,19.198736848359463],[-98.9216902637818,19.198540166396867],[-98.9214809923649,19.198165102195116],[-98.92132528295613,19.198133557155675],[-98.92130551698209,19.197894313531013],[-98.9211730277914,19.197806117368252],[-98.92105051459856,19.197642377461378],[-98.92087822886627,19.19763285972265],[-98.92087502241746,19.197409362339105],[-98.92082538962039,19.197270836353304],[-98.92082228863515,19.19682699082274],[-98.92087205069151,19.196694803386087],[-98.92138895285198,19.19662262554536],[-98.92154471604837,19.19653770079473],[-98.92169052146691,19.19649054563589],[-98.92185308394873,19.196363742150204],[-98.92173030967,19.196190681654578],[-98.921543052048,19.19616946016116],[-98.92129587198696,19.196049204979985],[-98.92122096893814,19.19582284204756],[-98.92133332351135,19.195228637868524],[-98.92125093015768,19.195073012609903],[-98.92087641491366,19.19493153497442],[-98.9207266088161,19.194988126043242],[-98.92064984936903,19.19487230772584],[-98.92066187602393,19.194645146716756],[-98.92078214257285,19.194412306357048],[-98.92075207593561,19.194276009408245],[-98.92065586269646,19.19404316852635],[-98.92078214257285,19.193804648256947],[-98.92094450241389,19.19357748577424],[-98.92094450241389,19.193441188134194],[-98.92083024919242,19.19320834607123],[-98.92023492977523,19.193077727208745],[-98.92014472986355,19.193003899110227],[-98.92015074319099,19.192810810080513],[-98.92000642333228,19.192549571621008],[-98.91997635669506,19.192345123841722],[-98.91991021009314,19.19207252640771],[-98.91995831671272,19.191663629410193],[-98.92007858326163,19.191169544183005],[-98.9199162234206,19.191396709988876],[-98.91963961035806,19.191748816368413],[-98.9194471838798,19.191777212011388],[-98.91939907726022,19.191896473658254],[-98.91918259747216,19.1920895637606],[-98.91913449085258,19.192265616303455],[-98.91901231751636,19.192306305496526],[-98.91884503338945,19.192251663518427],[-98.91882994008476,19.192178015606267],[-98.9189779367497,19.192186708415363],[-98.91900375140274,19.19208309378302],[-98.91892845866468,19.192050587218215],[-98.9187047316716,19.192026207290443],[-98.91853048276354,19.191959162470457],[-98.91833940768251,19.191841848104886],[-98.91815325692473,19.191901241706343],[-98.91804005713958,19.191898865962635],[-98.91796710616694,19.191813339168647],[-98.91794195065908,19.191675545906914],[-98.91794195065908,19.19152349803603],[-98.91777089320598,19.191171886796734],[-98.91755455583883,19.19082265056554],[-98.91739859169043,19.19059695328734],[-98.91729796965919,19.1904116437117],[-98.91723004978812,19.190328491911284],[-98.91709295227056,19.19022277027581],[-98.91704138347956,19.190176442796176],[-98.91700616576863,19.190106357609956],[-98.91705270345808,19.19005052701647],[-98.91727910302835,19.1899459930884],[-98.91758474244823,19.18994480520242],[-98.917719324415,19.189883035122396],[-98.91772550794074,19.189219149654765],[-98.91746547662082,19.18902472925297],[-98.9173896341525,19.188820075950385],[-98.91748714589748,19.18857449165146],[-98.91769300402574,19.18843123397461],[-98.91775801185571,19.186916788052173],[-98.91833224768719,19.1862618882039],[-98.91812638955892,19.185893505894548],[-98.91826222137723,19.18557032222306],[-98.91846745603115,19.18548459667372],[-98.91869299104117,19.18369428540051],[-98.91898511293148,19.183418384830034],[-98.91909746750468,19.183163706970042],[-98.91929970573642,19.18315663257941],[-98.91917986085836,19.183050516683583],[-98.91923229299252,19.18296562391776],[-98.91955437610234,19.183015144703162],[-98.91974912402924,19.182965623917728],[-98.9197566143341,19.182696796537158],[-98.91962178887982,19.182420894300165]]]}},{"type":"Feature","properties":{"id":7021,"entidad":15,"distrito":33,"distrito_l":1,"municipio":26,"seccion":1076,"tipo":3,"control":35709},"geometry":{"type":"Polygon","coordinates":[[[-98.93250712001172,19.15937715467892],[-98.93247242734644,19.159087677132128],[-98.93247242734644,19.158552415424154],[-98.93250133790083,19.15837217384571],[-98.93237413146146,19.15802807573998],[-98.93237413146146,19.157776829050515],[-98.93257146648382,19.15757352866638],[-98.93342713799994,19.15781907702768],[-98.93478046199998,19.157431862027632],[-98.93567006199997,19.157382538027612],[-98.93624029199997,19.157607415027577],[-98.93639179999995,19.15755623102761],[-98.93754725369695,19.15780466539991],[-98.94933847105233,19.149664188327858],[-98.95402171920713,19.148493671137583],[-98.95686149538875,19.148660360838825],[-98.96102495394902,19.16040926594144],[-98.95772202930851,19.16568347953784],[-98.95637985392246,19.16519886770327],[-98.95361669172134,19.16527636581914],[-98.95176729424917,19.166405768603102],[-98.9498254875703,19.168590355743937],[-98.94873193152053,19.170726447955985],[-98.94746723971141,19.175270908519593],[-98.94903553517878,19.1802268013007],[-98.94987333389469,19.181461458957195],[-98.94863272703859,19.184363400097986],[-98.94928554188313,19.18828930843479],[-98.94840337131602,19.191575381973852],[-98.95015689325496,19.193148763654133],[-98.95128745427638,19.19675080112533],[-98.95168272207644,19.199519401579867],[-98.95114518155489,19.199519259163935],[-98.95043719116524,19.20185750678314],[-98.95097435708446,19.203147823410337],[-98.95127375798027,19.206683707355573],[-98.94996945003037,19.21042801012191],[-98.9488216038334,19.211372078604914],[-98.94805732127436,19.212500763100586],[-98.94774592786491,19.21301136716578],[-98.94831174730611,19.21319967750573],[-98.947632216055,19.21470468358622],[-98.94835128116098,19.214972664958445],[-98.94721074289984,19.217988106419746],[-98.94681379044644,19.219717856958656],[-98.94171007224254,19.21813261340961],[-98.942172641113,19.216494639201134],[-98.94187197134718,19.216523758885096],[-98.94167152483668,19.216319920988756],[-98.93946661322082,19.215635606202643],[-98.93980583039249,19.214266968084253],[-98.94014504756413,19.213247762083544],[-98.93953985329193,19.21288375840923],[-98.93846245329777,19.212019246452865],[-98.93858773236687,19.21180084271305],[-98.9386050786995,19.21168072053251],[-98.93802879498172,19.21137131451182],[-98.93746503917082,19.211162920128558],[-98.9354731019724,19.21055684587978],[-98.93452735925193,19.21022818475625],[-98.9341095800759,19.21010899952221],[-98.93386216594119,19.210031810486836],[-98.93335575115634,19.209905790647806],[-98.93307545332715,19.209805165104445],[-98.93287408545964,19.209779862862547],[-98.93248447296628,19.209716335028535],[-98.93262464929835,19.209171129846787],[-98.9330475064579,19.207787622355468],[-98.93292800949969,19.20768387794558],[-98.93249807885668,19.207599293957117],[-98.93211755029125,19.207510060410353],[-98.93143993585635,19.207282537649895],[-98.93092739913496,19.207143313908713],[-98.93046579394965,19.207035018879633],[-98.93007068303946,19.20708780133968],[-98.92985480021632,19.207284679423747],[-98.92971227431917,19.207371645250582],[-98.92969099109165,19.20737537444526],[-98.92957486703146,19.20788681651074],[-98.9291702573562,19.2077595291666],[-98.92900339668175,19.207342139578564],[-98.92906271635717,19.206654988923802],[-98.92907458029225,19.206596170188128],[-98.92906568234092,19.20653174964401],[-98.92902514722944,19.20645332459972],[-98.92886366739312,19.20639616776118],[-98.92871188698248,19.206294470078493],[-98.92836857414896,19.206293105008573],[-98.92837459718123,19.20656816638333],[-98.92833990451594,19.206724694073674],[-98.92826015957003,19.206914210685298],[-98.92814740840784,19.207217254801478],[-98.92808163689655,19.20732850734364],[-98.9279161239726,19.207248651232074],[-98.92779542240797,19.2071558269852],[-98.92760461274887,19.20695925781904],[-98.9274376542972,19.206829576643262],[-98.92729743810833,19.206786577072936],[-98.92710735121312,19.2067435774913],[-98.92676982049045,19.206643245090593],[-98.92612077854409,19.20650469072228],[-98.92579408927932,19.206473294149667],[-98.92545439026505,19.20629447007853],[-98.92532754057787,19.205813791487536],[-98.9252744220639,19.205566886165766],[-98.92509563452558,19.20546255614576],[-98.92495590223093,19.205441044309858],[-98.92471243568276,19.20541831652386],[-98.92472971287361,19.205863365090618],[-98.92509669153648,19.206072751301658],[-98.92512697823656,19.206435299738637],[-98.92525803941649,19.20667646171986],[-98.92518632914137,19.206863367822297],[-98.9250498834248,19.207273449857784],[-98.92492677264732,19.20770594638575],[-98.9239915162124,19.207473886315714],[-98.92407246576475,19.20709781180105],[-98.92402404058612,19.20691148055233],[-98.92405150561277,19.206707403228148],[-98.92404418144841,19.206577141379974],[-98.92402693164158,19.20643780236147],[-98.92403632757173,19.20629651768023],[-98.92400886254507,19.206170931194954],[-98.92387672413174,19.205819837236366],[-98.92386358700918,19.205419457885636],[-98.9240009121426,19.20496761669532],[-98.92406306983456,19.20462771117525],[-98.92422930552237,19.204751933755965],[-98.92443312493091,19.20481609263456],[-98.92450395578919,19.20434855129707],[-98.92463694433945,19.20422501095522],[-98.92467958740718,19.2040182001201],[-98.92444107533339,19.203247605643025],[-98.92443746151409,19.203145906013706],[-98.92447215417937,19.202995745372192],[-98.92468464675422,19.202774599450695],[-98.92482630847076,19.202509769992957],[-98.92493472304977,19.202148017725115],[-98.92492749541118,19.201821757450478],[-98.92486591659986,19.20162899889387],[-98.92489280274587,19.20143816190663],[-98.92493905963292,19.201330318158497],[-98.92493905963292,19.200873005276506],[-98.92484220927572,19.20072011232787],[-98.92463838986716,19.200527630824567],[-98.92452419317729,19.20042934231046],[-98.92447938181796,19.200284639668933],[-98.92449889644219,19.200172017241997],[-98.92458851916085,19.200031409740085],[-98.92467958740723,19.199789100413675],[-98.92466079554686,19.199684668396692],[-98.92447865905412,19.199406182694197],[-98.92454515332926,19.19913315703803],[-98.9245422622738,19.198991183517762],[-98.92445263955516,19.19868266371481],[-98.924484441165,19.198327728712734],[-98.92465501343598,19.198161182024815],[-98.92483136781787,19.19791545709539],[-98.9253517577971,19.1967905782894],[-98.92562351700845,19.196539390709606],[-98.92564953650742,19.196359190688003],[-98.92587937541491,19.19600698098504],[-98.92599790868796,19.195772174097627],[-98.9260513932136,19.19559060807709],[-98.92615980779263,19.19541859797806],[-98.92622196548459,19.194973555141626],[-98.92621329231825,19.194864341991764],[-98.9264171117268,19.194521685263556],[-98.92663538641253,19.19440974147663],[-98.92673512782522,19.194133977188898],[-98.92691292773479,19.193974252117822],[-98.92701266914752,19.193819987585847],[-98.92701266914752,19.19359063827984],[-98.92711096503248,19.19336674936332],[-98.9270762723672,19.193254804790914],[-98.92699532281488,19.193140129784062],[-98.92697797648223,19.193041836857446],[-98.92715143980865,19.19276333991338],[-98.92728298283114,19.192644569014462],[-98.92741308032596,19.192467095097772],[-98.92754895993164,19.192357880284742],[-98.92775422486791,19.192325115826662],[-98.927919015028,19.192202249050894],[-98.9280057466912,19.19203296578739],[-98.92797105402592,19.191901907657357],[-98.92779469964407,19.191880064625565],[-98.92772242325806,19.1918527608317],[-98.92761545420677,19.19185003045206],[-98.92743909982492,19.191926481064723],[-98.92739284293789,19.191961975979943],[-98.92726852755395,19.19197835824588],[-98.92716155850265,19.191910098793535],[-98.92717890483529,19.19147596801412],[-98.92723672594408,19.19137494370624],[-98.92732634866273,19.191301223226226],[-98.92739573399331,19.191140130210563],[-98.92749113882284,19.191058218447257],[-98.92776000697877,19.191000880188643],[-98.9280548946338,19.190774257352157],[-98.92835556439958,19.190779718147017],[-98.92901472503995,19.19089439479834],[-98.92927492002957,19.190741492578884],[-98.92934430536012,19.190561286209324],[-98.9294426012451,19.189971518529806],[-98.9295004223539,19.18978038966185],[-98.92962184668237,19.18963840807347],[-98.92964208407045,19.18948277426857],[-98.92983578478494,19.189108706451428],[-98.92985024006214,19.18892849829462],[-98.92989071483831,19.18891757658175],[-98.92992540750359,19.18885204628968],[-98.92998611966782,19.188794707262673],[-98.9301277813844,19.18878105511044],[-98.93018271143777,19.188718255195585],[-98.9302636609901,19.18865818568947],[-98.93028968048905,19.188565350954963],[-98.93033304632067,19.18852985530745],[-98.93035906581962,19.18839333351455],[-98.93031859104346,19.18835783782992],[-98.93038219426315,19.18831688126111],[-98.9305094007025,19.188267733365144],[-98.93055276653409,19.188289576876315],[-98.93079561519109,19.188191281053427],[-98.93087367368797,19.187951002128138],[-98.93084476313356,19.187762601361978],[-98.93094305901853,19.18780355806861],[-98.93110784917862,19.18784724521115],[-98.93122349139622,19.18751959135971],[-98.93130733200398,19.187456790963697],[-98.93163402126874,19.187432216889142],[-98.93164558549049,19.18732026828101],[-98.93155596277184,19.187213780510042],[-98.93085343629987,19.18679055920074],[-98.93071755669418,19.186746871777867],[-98.93033882843153,19.186675879690945],[-98.9302347504357,19.18659942663996],[-98.93008152449735,19.186249926526568],[-98.9297750726207,19.185903156149504],[-98.92965364829222,19.18569837015085],[-98.92959582718339,19.185362520561704],[-98.9296681035694,19.185228726632104],[-98.93008441555278,19.1851058545602],[-98.93029257154446,19.18499390437041],[-98.93063082503097,19.18478911724093],[-98.93082741680091,19.18472358530571],[-98.93087078263251,19.18460071285692],[-98.93073490302682,19.184193867872015],[-98.93075224935946,19.18406826451928],[-98.93082163469,19.18389624238067],[-98.9314171921107,19.183571311184167],[-98.93161378388066,19.183432054760903],[-98.93183061303868,19.183055242672058],[-98.93198383897702,19.182667507593763],[-98.93203876903038,19.18244633435852],[-98.9320185316423,19.18222243028699],[-98.93167160498949,19.18150156633051],[-98.9317178618765,19.181302235967486],[-98.9324377346811,19.180701512866644],[-98.93258806956399,19.180466684149778],[-98.93267191017176,19.180212741090823],[-98.93272973128056,19.179677547985545],[-98.93263721750648,19.179270690838987],[-98.93268058333807,19.178612617756645],[-98.93285404666449,19.178132031604004],[-98.93276731500127,19.177676019583345],[-98.93260830695208,19.17737565169448],[-98.93233943879613,19.176067679684873],[-98.93178724720707,19.174366481347377],[-98.93157041804906,19.173904997549762],[-98.93139695472264,19.173705657994844],[-98.93137960839,19.17343532040499],[-98.93156463593819,19.172965641921394],[-98.931767009819,19.172403118254802],[-98.93199829425421,19.17211366358108],[-98.9323567851288,19.17194982108757],[-98.93249555578993,19.17177505558157],[-98.93261698011841,19.17104868446137],[-98.93258806956402,19.17090122527149],[-98.9323278745744,19.170600845032368],[-98.9322411429112,19.170169388821705],[-98.93223536080033,19.16994000657896],[-98.93234522090705,19.16979254639719],[-98.93262854434019,19.169612317106917],[-98.93266901911635,19.169355626565416],[-98.93258806956405,19.16900062834931],[-98.93241460623763,19.16864016783975],[-98.9324782094573,19.168476321893028],[-98.93285982877542,19.16813770642032],[-98.93302172788007,19.167700782201777],[-98.93273840444694,19.16715462529984],[-98.93264010856196,19.166821468701116],[-98.93265167278372,19.166493773029075],[-98.93258228745316,19.1659585353637],[-98.9326343264511,19.165374141234373],[-98.93317206276296,19.16489351647265],[-98.93346695041787,19.164090651529435],[-98.93347851463962,19.163626408111575],[-98.93347273252874,19.163320552910157],[-98.93356524630283,19.163020158856472],[-98.93353055363754,19.162818075276057],[-98.93341491141993,19.16263237663241],[-98.93337443664377,19.16240844563693],[-98.93335130820024,19.162042508965357],[-98.93295812466039,19.16063337210779],[-98.93270371178164,19.159655708064946],[-98.93250712001172,19.15937715467892]]]}},{"type":"Feature","properties":{"id":7022,"entidad":15,"distrito":33,"distrito_l":1,"municipio":26,"seccion":1077,"tipo":2,"control":32899},"geometry":{"type":"Polygon","coordinates":[[[-98.96765314139444,19.204628782452332],[-98.96772197432335,19.2053889880476],[-98.96792887065435,19.205638053236694],[-98.96723894270468,19.206201522896936],[-98.96693510292121,19.20780049562415],[-98.9667141399322,19.208888318293138],[-98.9677901725202,19.209412781642122],[-98.96785570529656,19.20941934653438],[-98.96758651668104,19.210205705751534],[-98.96704136783005,19.211103422677823],[-98.9663652068721,19.211686551316642],[-98.96550280376907,19.21217134165792],[-98.96458518411303,19.212767524814275],[-98.96396428124714,19.21295745198325],[-98.96353656897331,19.21299013431797],[-98.96386782437276,19.212400395161616],[-98.96406104064614,19.212125190915085],[-98.96416111408465,19.21191222544162],[-98.96262974592268,19.211548206636262],[-98.96274367817014,19.211066555873792],[-98.96292992440958,19.211112467347245],[-98.96327505495019,19.21016229561124],[-98.96369621035707,19.208540415825784],[-98.96334789273142,19.208333914751677],[-98.9625063847828,19.207973308150763],[-98.96229254467863,19.2079470507314],[-98.9616855327511,19.207796196907392],[-98.96136477928331,19.2077305956916],[-98.96043015648253,19.20735357642514],[-98.96049922488031,19.206993154871597],[-98.96111588654591,19.204887560948738],[-98.96213434803482,19.20507894618806],[-98.96234536226265,19.204360105681413],[-98.96263686395375,19.20340698388192],[-98.96278959533866,19.202858152315216],[-98.96309503658628,19.201843335894047],[-98.96307337197557,19.201232333407003],[-98.96270276681507,19.20119083479839],[-98.96244115429958,19.201201137301382],[-98.96256126744782,19.200279486649908],[-98.96241960269363,19.20010340734067],[-98.9626419351103,19.19971780297949],[-98.96252876094299,19.199419940120844],[-98.96254725219468,19.199274764530838],[-98.9633361107936,19.19924108020863],[-98.9639430628921,19.199529549962346],[-98.96421891124359,19.199844166977996],[-98.96463270814138,19.20021123738829],[-98.96512931544127,19.200421041138114],[-98.9655707785332,19.20044733813457],[-98.96587431523024,19.200316326969638],[-98.96620547530509,19.20002803890405],[-98.96653664482561,19.199687323066186],[-98.96715753784213,19.19928112477124],[-98.96741962961276,19.199425346232566],[-98.96769553556773,19.19947782220967],[-98.96776616106338,19.199558106930656],[-98.96871202799161,19.202645748087566],[-98.96864697070774,19.2027521491089],[-98.96861805293332,19.202817364501414],[-98.96861802819903,19.202947805174542],[-98.96859992908266,19.203122867192814],[-98.9685836495542,19.20322927653238],[-98.96855654283041,19.203270463677267],[-98.96852944000965,19.20329105492309],[-98.96848788508326,19.203308211032425],[-98.96833792924171,19.203352809639835],[-98.96824217084003,19.20339913384396],[-98.96812111045968,19.20349522701345],[-98.96804883402532,19.20356043476701],[-98.96800907960652,19.20360848492303],[-98.96793680407615,19.20366854365801],[-98.96785188263652,19.20372688382277],[-98.96776368751402,19.20372443375326],[-98.96779401302915,19.204027230455786],[-98.96778309556454,19.2044271321323],[-98.96765314139444,19.204628782452332]]]}},{"type":"Feature","properties":{"id":7023,"entidad":15,"distrito":33,"distrito_l":1,"municipio":26,"seccion":1078,"tipo":2,"control":32900},"geometry":{"type":"Polygon","coordinates":[[[-98.96353656897331,19.21299013431797],[-98.96288098489784,19.2140123308692],[-98.96276366149557,19.2142285687792],[-98.96251528947187,19.214339925691775],[-98.96099759055863,19.21443790975403],[-98.95983171033362,19.2145556188479],[-98.95936256970546,19.214719350034436],[-98.95807930807143,19.21524333172561],[-98.95695484224137,19.215243071052317],[-98.95619606797648,19.214987309277852],[-98.95534132928064,19.21471916317077],[-98.95544506473543,19.214077123541387],[-98.95575041809501,19.213637072376535],[-98.95599584208243,19.213088269490346],[-98.95618674349868,19.212596410594283],[-98.95663397943791,19.211498792840544],[-98.95686851919422,19.21086196101324],[-98.95716300737566,19.210245854638288],[-98.95732657075203,19.210059486767598],[-98.957517431457,19.20969707493532],[-98.95745750134907,19.209598680074205],[-98.95777922552749,19.209029180447544],[-98.95810078750034,19.209091389578344],[-98.9582649751239,19.208753224259663],[-98.95842799015618,19.208397619322344],[-98.95855888523445,19.208061082455796],[-98.95877703434138,19.207532981100996],[-98.95884792200432,19.20740354836112],[-98.95891881984151,19.207232692019705],[-98.95910434625151,19.206373194290006],[-98.95858658326878,19.206279875009468],[-98.95908830876733,19.205104593537005],[-98.95938830623442,19.204172629542953],[-98.96000412616388,19.20444201823581],[-98.96024388793829,19.204659544213808],[-98.96111588654591,19.204887560948738],[-98.96049922488031,19.206993154871597],[-98.96043015648253,19.20735357642514],[-98.96136477928331,19.2077305956916],[-98.9616855327511,19.207796196907392],[-98.96229254467863,19.2079470507314],[-98.9625063847828,19.207973308150763],[-98.96334789273142,19.208333914751677],[-98.96369621035707,19.208540415825784],[-98.96327505495019,19.21016229561124],[-98.96292992440958,19.211112467347245],[-98.96274367817014,19.211066555873792],[-98.96262974592268,19.211548206636262],[-98.96416111408465,19.21191222544162],[-98.96406104064614,19.212125190915085],[-98.96386782437276,19.212400395161616],[-98.96353656897331,19.21299013431797]]]}},{"type":"Feature","properties":{"id":7024,"entidad":15,"distrito":33,"distrito_l":1,"municipio":26,"seccion":1079,"tipo":3,"control":35687},"geometry":{"type":"Polygon","coordinates":[[[-98.947632216055,19.21470468358622],[-98.94831174730611,19.21319967750573],[-98.94774592786491,19.21301136716578],[-98.94805732127436,19.212500763100586],[-98.9488216038334,19.211372078604914],[-98.94996945003037,19.21042801012191],[-98.95127375798027,19.206683707355573],[-98.95097435708446,19.203147823410337],[-98.95043719116524,19.20185750678314],[-98.95114518155489,19.199519259163935],[-98.95168272207644,19.199519401579867],[-98.95128745427638,19.19675080112533],[-98.95015689325496,19.193148763654133],[-98.94840337131602,19.191575381973852],[-98.94928554188313,19.18828930843479],[-98.94863272703859,19.184363400097986],[-98.94987333389469,19.181461458957195],[-98.94903553517878,19.1802268013007],[-98.94746723971106,19.17527090895719],[-98.94873193152017,19.170726448394216],[-98.94982548756995,19.168590356182445],[-98.95176729424884,19.166405769041877],[-98.953616691721,19.16527636625809],[-98.95637985392214,19.16519886814223],[-98.95772202930817,19.165683479976707],[-98.95316989911048,19.172951782202052],[-98.96660522917702,19.183352177828443],[-98.96691453201565,19.196777987910366],[-98.96776616106338,19.199558106930656],[-98.96769553556773,19.19947782220967],[-98.96741962961276,19.199425346232566],[-98.96715753784213,19.19928112477124],[-98.96653664482561,19.199687323066186],[-98.96620547530509,19.20002803890405],[-98.96587431523024,19.200316326969638],[-98.9655707785332,19.20044733813457],[-98.96512931544127,19.200421041138114],[-98.96463270814138,19.20021123738829],[-98.96421891124359,19.199844166977996],[-98.9639430628921,19.199529549962346],[-98.9633361107936,19.19924108020863],[-98.96254725219468,19.199274764530838],[-98.96252876094299,19.199419940120844],[-98.9626419351103,19.19971780297949],[-98.96241960269363,19.20010340734067],[-98.96256126744782,19.200279486649908],[-98.96244115429958,19.201201137301382],[-98.96270276681507,19.20119083479839],[-98.96307337197557,19.201232333407003],[-98.96309503658628,19.201843335894047],[-98.96278959533866,19.202858152315216],[-98.96263686395375,19.20340698388192],[-98.96234536226265,19.204360105681413],[-98.96213434803482,19.20507894618806],[-98.96111588654591,19.204887560948738],[-98.96024388793829,19.204659544213808],[-98.96000412616388,19.20444201823581],[-98.95938830623442,19.204172629542953],[-98.95908830876733,19.205104593537005],[-98.95858658326878,19.206279875009468],[-98.95910434625151,19.206373194290006],[-98.95891881984151,19.207232692019705],[-98.95884792200432,19.20740354836112],[-98.95877703434138,19.207532981100996],[-98.95855888523445,19.208061082455796],[-98.95842799015618,19.208397619322344],[-98.9582649751239,19.208753224259663],[-98.95810078750034,19.209091389578344],[-98.95777922552749,19.209029180447544],[-98.95745750134907,19.209598680074205],[-98.957517431457,19.20969707493532],[-98.95732657075203,19.210059486767598],[-98.95716300737566,19.210245854638288],[-98.95686851919422,19.21086196101324],[-98.95663397943791,19.211498792840544],[-98.95618674349868,19.212596410594283],[-98.95599584208243,19.213088269490346],[-98.95575041809501,19.213637072376535],[-98.95544506473543,19.214077123541387],[-98.95534132928064,19.21471916317077],[-98.95364621920803,19.215375444754713],[-98.95323807070663,19.21538001244653],[-98.95098397067699,19.216017905366133],[-98.95040303866205,19.215799312998],[-98.94835128116065,19.214972665390253],[-98.947632216055,19.21470468358622]]]}},{"type":"Feature","properties":{"id":7025,"entidad":15,"distrito":33,"distrito_l":1,"municipio":26,"seccion":1080,"tipo":2,"control":35694},"geometry":{"type":"Polygon","coordinates":[[[-98.93351123521452,19.235780571305302],[-98.93298494051729,19.236246871065546],[-98.92740626647772,19.241438098497166],[-98.92562525725585,19.243426895287907],[-98.92505055279926,19.243208872325738],[-98.9226788452126,19.24185429152544],[-98.92174608606707,19.241281617983947],[-98.92062753212188,19.24069002358433],[-98.9189054131825,19.239745509465187],[-98.91866078668109,19.23959488696206],[-98.91813982933986,19.239315219848955],[-98.91926937478593,19.23740238405261],[-98.91878604606401,19.23712310790589],[-98.9182836754799,19.23686453423155],[-98.9169840077422,19.23612392963016],[-98.9159562497766,19.23556735108297],[-98.91563355639197,19.23554968741139],[-98.91556890064324,19.235261085249263],[-98.9144999393555,19.234677777080517],[-98.91320161546645,19.233912976012242],[-98.91432883926007,19.23210594233954],[-98.91515669170802,19.230864576229415],[-98.91562030258221,19.230264636425765],[-98.91655848977558,19.228939089922815],[-98.9168366688737,19.228553540873822],[-98.91723442064908,19.2276147832233],[-98.91756668756891,19.226550860784094],[-98.91897607709596,19.22715414626358],[-98.9209064727913,19.22790364793779],[-98.9213960893594,19.228087511636],[-98.92252240286906,19.228557755437595],[-98.92225183183679,19.229201983289357],[-98.92221447376434,19.22924081376246],[-98.92211480943217,19.229458514493228],[-98.92176402459076,19.230303304260236],[-98.9236933913967,19.23096901198769],[-98.9249606989051,19.23147269841405],[-98.9250221468,19.231506052536776],[-98.92473402214137,19.232377151435266],[-98.92495749954023,19.232445119629965],[-98.92481831174284,19.232886816429225],[-98.92530929694048,19.233073944037834],[-98.9252176022499,19.233298972593293],[-98.92613497350075,19.233620249333466],[-98.92671098662947,19.233850180764488],[-98.92765040564372,19.234161168506034],[-98.92760342699667,19.234269400447],[-98.93003462424888,19.235093378775243],[-98.9302562577001,19.23463524771848],[-98.9325959656938,19.235443451797597],[-98.93351123521452,19.235780571305302]]]}},{"type":"Feature","properties":{"id":7036,"entidad":15,"distrito":33,"distrito_l":1,"municipio":26,"seccion":6814,"tipo":2,"control":29367},"geometry":{"type":"Polygon","coordinates":[[[-98.854172254,19.265345775999972],[-98.85156688016536,19.266141608321963],[-98.84848933309381,19.265930310958954],[-98.84726542858526,19.265653693599344],[-98.84560301259438,19.26519712150268],[-98.84423969236182,19.26485409228073],[-98.844426437,19.264141270000007],[-98.844718952,19.263105557000017],[-98.845260602,19.261332944999964],[-98.845426345,19.261332166000013],[-98.845601702,19.261391996999997],[-98.845909804,19.26153863300001],[-98.846227117,19.26173335799995],[-98.846450235,19.260969160000016],[-98.846600181,19.260535386000022],[-98.846709406,19.26010396099998],[-98.846741254,19.25999764100001],[-98.846867961,19.25967129700001],[-98.846917886,19.259500679999984],[-98.847018055,19.259237406999958],[-98.847137758,19.258800145000038],[-98.84740813953398,19.25803194615585],[-98.84889781782658,19.25938972032145],[-98.84972266012382,19.26033726068487],[-98.8500113485764,19.26085144900203],[-98.85093359173183,19.261887663701415],[-98.85201719949309,19.26304792448068],[-98.85255243892082,19.263608942171604],[-98.85312123279589,19.26425229902987],[-98.85336277400002,19.264196763999976],[-98.854172254,19.265345775999972]]]}},{"type":"Feature","properties":{"id":7026,"entidad":15,"distrito":33,"distrito_l":1,"municipio":26,"seccion":6815,"tipo":2,"control":29370},"geometry":{"type":"Polygon","coordinates":[[[-98.84423969236182,19.26485409228073],[-98.84334896735432,19.264629967949585],[-98.84247882372125,19.264506310239042],[-98.84144354708232,19.26439098185305],[-98.8405243105765,19.264271510565234],[-98.84014606089463,19.264205490205104],[-98.840291038,19.263627565999993],[-98.840380653,19.263221902000012],[-98.840503914,19.262554295999966],[-98.840659746,19.262574343999976],[-98.842204931,19.262910300000048],[-98.842286667,19.26251787899997],[-98.842327534,19.262371914000028],[-98.842361962,19.262196857999992],[-98.843056353,19.259101408000035],[-98.843090081,19.258926386000024],[-98.843430868,19.257345876000034],[-98.843729549,19.257628194000016],[-98.844463569,19.256932828000004],[-98.845123966,19.256320666000015],[-98.84531805886891,19.25612687427844],[-98.84740813953398,19.25803194615585],[-98.847137758,19.258800145000038],[-98.847018055,19.259237406999958],[-98.846917886,19.259500679999984],[-98.846867961,19.25967129700001],[-98.846741254,19.25999764100001],[-98.846709406,19.26010396099998],[-98.846600181,19.260535386000022],[-98.846450235,19.260969160000016],[-98.846227117,19.26173335799995],[-98.845909804,19.26153863300001],[-98.845601702,19.261391996999997],[-98.845426345,19.261332166000013],[-98.845260602,19.261332944999964],[-98.844718952,19.263105557000017],[-98.844426437,19.264141270000007],[-98.84423969236182,19.26485409228073]]]}},{"type":"Feature","properties":{"id":7027,"entidad":15,"distrito":33,"distrito_l":1,"municipio":26,"seccion":6816,"tipo":2,"control":29369},"geometry":{"type":"Polygon","coordinates":[[[-98.83029392200001,19.26050578499999],[-98.83370487075376,19.261200468080624],[-98.8356738276189,19.26157036497764],[-98.835972692,19.26026080499997],[-98.836202935,19.260292610000025],[-98.836428903,19.260343317999997],[-98.83692073,19.260438455999996],[-98.837187603,19.259098776999952],[-98.837706286,19.25936143900002],[-98.837966592,19.25959654600003],[-98.838328266,19.260085357999973],[-98.838702287,19.26078513299997],[-98.838925457,19.261274160999953],[-98.83908714700001,19.261670124000023],[-98.839431994,19.26200635399997],[-98.839524027,19.262157931000022],[-98.840049918,19.262407687999954],[-98.840452031,19.26250219399998],[-98.840503914,19.262554295999966],[-98.840380653,19.263221902000012],[-98.840291038,19.263627565999993],[-98.84014606089463,19.264205490205104],[-98.83941689164257,19.264078217374948],[-98.8376570975287,19.26393621231015],[-98.83557182601702,19.26390977022677],[-98.83464353152462,19.264172279225058],[-98.834322257,19.264392382999972],[-98.83431232139397,19.264284319928183],[-98.83299074145503,19.264028403678658],[-98.8332700697782,19.26197700422152],[-98.83056888109535,19.261415860740588],[-98.83029392200001,19.26050578499999]]]}},{"type":"Feature","properties":{"id":7065,"entidad":15,"distrito":33,"distrito_l":1,"municipio":26,"seccion":6817,"tipo":2,"control":29368},"geometry":{"type":"Polygon","coordinates":[[[-98.86014706000002,19.262621404999962],[-98.85975019187869,19.262554830572565],[-98.85924605298861,19.262479332691534],[-98.85875052338072,19.262385089537545],[-98.8569880032352,19.26211415400774],[-98.85610786593375,19.2619645286632],[-98.85524881218669,19.261846356357886],[-98.85495243586199,19.262786076979623],[-98.85469825068316,19.262642270963667],[-98.85454592793162,19.262529733291544],[-98.85434927603129,19.262370870036964],[-98.85396640298178,19.26204189270196],[-98.85370916128464,19.263179212824515],[-98.85336277400002,19.264196763999976],[-98.85312123279589,19.26425229902987],[-98.85255243892082,19.263608942171604],[-98.85201719949309,19.26304792448068],[-98.85093359173183,19.261887663701415],[-98.8500113485764,19.26085144900203],[-98.85018123381809,19.260735697246933],[-98.85026872398993,19.26079371438698],[-98.85087512008215,19.25928948209505],[-98.85073972313512,19.259153687810354],[-98.85102760734041,19.2580121772713],[-98.85084660113036,19.257886882279614],[-98.85177341862406,19.25535618042264],[-98.85188545103487,19.255409381518955],[-98.85314390026215,19.25566638935032],[-98.85364174224839,19.257303274766418],[-98.855087544,19.257645803999992],[-98.855795432,19.257820281999997],[-98.85641178050031,19.25799119826022],[-98.85709402968034,19.258169579918746],[-98.858758506,19.258556855999995],[-98.86026881755275,19.258860680774845],[-98.86074644753549,19.25892305599083],[-98.86085373,19.258945413999992],[-98.860462834,19.260450082000006],[-98.86031976245968,19.260423053747775],[-98.86026589598718,19.26062898963821],[-98.86061671820487,19.26070780873218],[-98.86014706000002,19.262621404999962]]]}},{"type":"Feature","properties":{"id":7028,"entidad":15,"distrito":33,"distrito_l":1,"municipio":26,"seccion":6818,"tipo":2,"control":29364},"geometry":{"type":"Polygon","coordinates":[[[-98.842288988,19.254098273999972],[-98.84261220942193,19.25359280195239],[-98.84313798227102,19.25411100697159],[-98.84459376983774,19.255466681673397],[-98.84531805886891,19.25612687427844],[-98.845123966,19.256320666000015],[-98.844463569,19.256932828000004],[-98.843729549,19.257628194000016],[-98.843430868,19.257345876000034],[-98.843090081,19.258926386000024],[-98.843056353,19.259101408000035],[-98.842361962,19.262196857999992],[-98.842327534,19.262371914000028],[-98.842286667,19.26251787899997],[-98.842204931,19.262910300000048],[-98.840659746,19.262574343999976],[-98.840503914,19.262554295999966],[-98.840891935,19.26063355],[-98.840925219,19.26045027899997],[-98.84129311300002,19.25876697900001],[-98.840958423,19.258686706999985],[-98.840601134,19.25862118800001],[-98.839905583,19.258481558999968],[-98.839542653,19.258420112000035],[-98.839956295,19.256705827000037],[-98.840270642,19.256331771999957],[-98.840576208,19.255978791000018],[-98.840947945,19.255622998000018],[-98.841084913,19.255567862999982],[-98.84121387,19.255496645000044],[-98.841335174,19.255373707999997],[-98.841401311,19.255275204999958],[-98.841442749,19.255281926000002],[-98.841489069,19.25508417899998],[-98.841829829,19.254683795000027],[-98.841922902,19.254480305000012],[-98.842288988,19.254098273999972]]]}},{"type":"Feature","properties":{"id":7020,"entidad":15,"distrito":33,"distrito_l":1,"municipio":26,"seccion":6819,"tipo":2,"control":29366},"geometry":{"type":"Polygon","coordinates":[[[-98.840958423,19.258686706999985],[-98.84129311300002,19.25876697900001],[-98.840925219,19.26045027899997],[-98.840891935,19.26063355],[-98.840503914,19.262554295999966],[-98.840452031,19.26250219399998],[-98.840049918,19.262407687999954],[-98.839524027,19.262157931000022],[-98.839431994,19.26200635399997],[-98.83908714700001,19.261670124000023],[-98.838925457,19.261274160999953],[-98.838702287,19.26078513299997],[-98.838328266,19.260085357999973],[-98.837966592,19.25959654600003],[-98.837706286,19.25936143900002],[-98.837187603,19.259098776999952],[-98.83692073,19.260438455999996],[-98.836428903,19.260343317999997],[-98.836202935,19.260292610000025],[-98.835972692,19.26026080499997],[-98.83295025570057,19.259674356724073],[-98.83354752800001,19.256830204000018],[-98.83739358605692,19.257544263711136],[-98.83738622128656,19.257480733803046],[-98.837587477,19.25750566099998],[-98.838122401,19.257615902999987],[-98.839089817,19.257829914999963],[-98.839644908,19.257062239999957],[-98.839888725,19.256748398000035],[-98.839956295,19.256705827000037],[-98.839542653,19.258420112000035],[-98.839905583,19.258481558999968],[-98.840601134,19.25862118800001],[-98.840958423,19.258686706999985]]]}},{"type":"Feature","properties":{"id":7046,"entidad":15,"distrito":33,"distrito_l":1,"municipio":26,"seccion":6820,"tipo":2,"control":29365},"geometry":{"type":"Polygon","coordinates":[[[-98.84198567376727,19.25297527825025],[-98.84261220942193,19.25359280195239],[-98.842288988,19.254098273999972],[-98.841922902,19.254480305000012],[-98.841829829,19.254683795000027],[-98.841489069,19.25508417899998],[-98.841442749,19.255281926000002],[-98.841401311,19.255275204999958],[-98.841335174,19.255373707999997],[-98.84121387,19.255496645000044],[-98.841084913,19.255567862999982],[-98.840947945,19.255622998000018],[-98.840576208,19.255978791000018],[-98.840270642,19.256331771999957],[-98.839956295,19.256705827000037],[-98.839888725,19.256748398000035],[-98.839644908,19.257062239999957],[-98.839089817,19.257829914999963],[-98.838122401,19.257615902999987],[-98.837587477,19.25750566099998],[-98.83738622128656,19.257480733803046],[-98.83676985825598,19.25220384147676],[-98.836712367,19.25206919699998],[-98.84017932729915,19.2510549039966],[-98.84198567376727,19.25297527825025]]]}},{"type":"Feature","properties":{"id":7041,"entidad":15,"distrito":33,"distrito_l":1,"municipio":26,"seccion":6984,"tipo":2,"control":42442},"geometry":{"type":"Polygon","coordinates":[[[-98.899775909,19.25277263],[-98.900512155,19.251116119999995],[-98.901122531,19.251380470999997],[-98.901491363,19.251522556000005],[-98.902501349,19.251956545999995],[-98.90092390782773,19.25521793817439],[-98.900550279,19.256065864999993],[-98.899594558,19.255700035999997],[-98.898627082,19.255309325],[-98.898309306,19.256096745999997],[-98.897288395,19.255754228],[-98.896345031,19.255371724000003],[-98.896345516,19.255318919],[-98.896704028,19.254510071999995],[-98.897053474,19.253666891],[-98.89722431700001,19.253272113000005],[-98.897407719,19.252886055],[-98.898380222,19.253245341],[-98.898778505,19.25237235],[-98.899775909,19.25277263]]]}},{"type":"Feature","properties":{"id":7059,"entidad":15,"distrito":33,"distrito_l":1,"municipio":26,"seccion":6985,"tipo":2,"control":42439},"geometry":{"type":"Polygon","coordinates":[[[-98.900904749,19.249235073999998],[-98.900911133,19.249315850999995],[-98.90097846700002,19.249379554],[-98.901005156,19.249835387999994],[-98.900941264,19.250033367],[-98.900816096,19.25037305],[-98.900845741,19.250396113],[-98.900512155,19.251116119999995],[-98.899775909,19.25277263],[-98.898778505,19.25237235],[-98.898380222,19.253245341],[-98.897407719,19.252886055],[-98.89722431700001,19.253272113000005],[-98.897053474,19.253666891],[-98.896704028,19.254510071999995],[-98.896345516,19.255318919],[-98.896345031,19.255371724000003],[-98.89477791239813,19.254753797108975],[-98.89266952,19.253949452],[-98.89297949800002,19.253019188],[-98.89323785703783,19.252172144485],[-98.89332558266835,19.251545138848545],[-98.893244787,19.251161537999998],[-98.891314395,19.250954693000004],[-98.891081861,19.250956902999995],[-98.88953678800002,19.250563705000005],[-98.885850701,19.24976321899999],[-98.88501555,19.249561916000005],[-98.882267855,19.248845195],[-98.87945313,19.248162668000003],[-98.876690495,19.247455886],[-98.8749579865197,19.246915793162273],[-98.87364974060426,19.23818703660345],[-98.87349099763081,19.236115859450273],[-98.87319228482063,19.233260507532147],[-98.8754948582688,19.233521183801397],[-98.8762091982353,19.232527475063527],[-98.88759937417403,19.23498885781561],[-98.89168504598776,19.236608840331893],[-98.892209652,19.236783729999996],[-98.893415156,19.237305434999996],[-98.893389875,19.237477387999995],[-98.893383942,19.237790263999997],[-98.893195813,19.238419617],[-98.892733967,19.240103774999998],[-98.891914353,19.239900423],[-98.890270788,19.239474607],[-98.890223912,19.239450229999996],[-98.890473683,19.240636910999996],[-98.890595609,19.240927432],[-98.890857208,19.241929552000002],[-98.890911502,19.241931275],[-98.894251048,19.242771916999995],[-98.895227677,19.243012896999996],[-98.895368472,19.243038830000003],[-98.89541695,19.243098420999996],[-98.895963545,19.243236972],[-98.896137441,19.243222701],[-98.896219388,19.243205321],[-98.896975023,19.243396059999995],[-98.897007537,19.243433143000004],[-98.897065908,19.243450409999998],[-98.897019813,19.243614828999995],[-98.89698683700001,19.243690931999993],[-98.89682883,19.244118817],[-98.89657392,19.244914994],[-98.896581103,19.244958215000004],[-98.896505023,19.245210551999996],[-98.8964322,19.245570545],[-98.896451342,19.245620999],[-98.898928898,19.246456186999996],[-98.898872045,19.246618152999996],[-98.898761683,19.247015456999996],[-98.898718409,19.247106819999996],[-98.898648058,19.247328623999994],[-98.89866736800002,19.247384435999997],[-98.898745277,19.247449512999996],[-98.89945273,19.247902030999995],[-98.899296371,19.248382351],[-98.899234026,19.248533096999996],[-98.899300343,19.248565028],[-98.900443539,19.24933169699999],[-98.900824202,19.249184035],[-98.900870842,19.24921895],[-98.900904749,19.249235073999998]]]}},{"type":"Feature","properties":{"id":7058,"entidad":15,"distrito":33,"distrito_l":1,"municipio":26,"seccion":6986,"tipo":2,"control":42437},"geometry":{"type":"Polygon","coordinates":[[[-98.903693745,19.248727214],[-98.903991448,19.248825145],[-98.904201872,19.248905088],[-98.903463159,19.250315212],[-98.903374536,19.250496239000007],[-98.903060511,19.250997531999996],[-98.902501349,19.251956545999995],[-98.901491363,19.251522556000005],[-98.901122531,19.251380470999997],[-98.900512155,19.251116119999995],[-98.900845741,19.250396113],[-98.900816096,19.25037305],[-98.900941264,19.250033367],[-98.901005156,19.249835387999994],[-98.90097846700002,19.249379554],[-98.900911133,19.249315850999995],[-98.900904749,19.249235073999998],[-98.900870842,19.24921895],[-98.900824202,19.249184035],[-98.900443539,19.24933169699999],[-98.899300343,19.248565028],[-98.899234026,19.248533096999996],[-98.899296371,19.248382351],[-98.89945273,19.247902030999995],[-98.898745277,19.247449512999996],[-98.89866736800002,19.247384435999997],[-98.898648058,19.247328623999994],[-98.898718409,19.247106819999996],[-98.898761683,19.247015456999996],[-98.898872045,19.246618152999996],[-98.899026872,19.246167902999996],[-98.899081445,19.246021287000005],[-98.899192948,19.245755821],[-98.899196912,19.245730363999996],[-98.90024477,19.246157348999997],[-98.900362566,19.246096086999998],[-98.900488759,19.246119488999994],[-98.901092033,19.246381809999995],[-98.90138798,19.246481795999998],[-98.90165590900001,19.24659568099999],[-98.902078148,19.246738284],[-98.901567394,19.247905447999997],[-98.901861222,19.248018238999997],[-98.902424699,19.248263393999995],[-98.902721966,19.248376354],[-98.90293458,19.248466921999995],[-98.903411415,19.248618291],[-98.903693745,19.248727214]]]}},{"type":"Feature","properties":{"id":7039,"entidad":15,"distrito":33,"distrito_l":1,"municipio":26,"seccion":6987,"tipo":2,"control":42438},"geometry":{"type":"Polygon","coordinates":[[[-98.904721224,19.246465128000004],[-98.905496274,19.246754576],[-98.90482991447846,19.24788796380887],[-98.904201872,19.248905088],[-98.903991448,19.248825145],[-98.903693745,19.248727214],[-98.903411415,19.248618291],[-98.90293458,19.248466921999995],[-98.902721966,19.248376354],[-98.902424699,19.248263393999995],[-98.901861222,19.248018238999997],[-98.901567394,19.247905447999997],[-98.902078148,19.246738284],[-98.90165590900001,19.24659568099999],[-98.90138798,19.246481795999998],[-98.901092033,19.246381809999995],[-98.900488759,19.246119488999994],[-98.900362566,19.246096086999998],[-98.90024477,19.246157348999997],[-98.899196912,19.245730363999996],[-98.899169265,19.245723697],[-98.899062891,19.245679655999997],[-98.899033998,19.245682598],[-98.89886716,19.245627773999995],[-98.899339102,19.244488885999996],[-98.89946049100001,19.244410521999995],[-98.899739409,19.244503064999996],[-98.899963059,19.244638227],[-98.900301553,19.244760559000003],[-98.900749798,19.244936326999998],[-98.900998758,19.245040327999998],[-98.9011739,19.245102279999998],[-98.901285724,19.245157984],[-98.901398243,19.245194474999998],[-98.901576899,19.245238984999997],[-98.903206365,19.245868947],[-98.903422642,19.245947963999992],[-98.90349747200001,19.245982369],[-98.904385705,19.246323792999995],[-98.904668296,19.246437611],[-98.904721224,19.246465128000004]]]}},{"type":"Feature","properties":{"id":7063,"entidad":15,"distrito":33,"distrito_l":1,"municipio":26,"seccion":6988,"tipo":2,"control":42435},"geometry":{"type":"Polygon","coordinates":[[[-98.897610007,19.241489960999996],[-98.89814542,19.239676928],[-98.897866313,19.239231674],[-98.906211284,19.241680328],[-98.907880929,19.242299706999997],[-98.90692152028608,19.244004979697742],[-98.90611212113764,19.245603752124275],[-98.90589378704982,19.246074508159296],[-98.905496274,19.246754576],[-98.904721224,19.246465128000004],[-98.904668296,19.246437611],[-98.904385705,19.246323792999995],[-98.90349747200001,19.245982369],[-98.903422642,19.245947963999992],[-98.903206365,19.245868947],[-98.902050206,19.245422012999995],[-98.902530686,19.244325214000003],[-98.90249881300001,19.244305606999994],[-98.901625245,19.243978704],[-98.901111376,19.243767607],[-98.901053941,19.243752721999996],[-98.900809563,19.243669789000002],[-98.900515633,19.243539009],[-98.900168774,19.243393344999998],[-98.899592176,19.243194518999996],[-98.899068509,19.242978678999997],[-98.899017831,19.242951035],[-98.898790346,19.242867038000004],[-98.898195729,19.242627807],[-98.897886972,19.242528305999997],[-98.89738971,19.242339967999996],[-98.897358345,19.242321255000004],[-98.897401275,19.242168141],[-98.897502551,19.241757487],[-98.89758113,19.241497467999995],[-98.897610007,19.241489960999996]]]}},{"type":"Feature","properties":{"id":7053,"entidad":15,"distrito":33,"distrito_l":1,"municipio":26,"seccion":6989,"tipo":2,"control":42441},"geometry":{"type":"Polygon","coordinates":[[[-98.898195729,19.242627807],[-98.898790346,19.242867038000004],[-98.899017831,19.242951035],[-98.899068509,19.242978678999997],[-98.899592176,19.243194518999996],[-98.900168774,19.243393344999998],[-98.900515633,19.243539009],[-98.900809563,19.243669789000002],[-98.901053941,19.243752721999996],[-98.901111376,19.243767607],[-98.901625245,19.243978704],[-98.90249881300001,19.244305606999994],[-98.902530686,19.244325214000003],[-98.902050206,19.245422012999995],[-98.901576899,19.245238984999997],[-98.901398243,19.245194474999998],[-98.901285724,19.245157984],[-98.9011739,19.245102279999998],[-98.900998758,19.245040327999998],[-98.900749798,19.244936326999998],[-98.900301553,19.244760559000003],[-98.899963059,19.244638227],[-98.899739409,19.244503064999996],[-98.89946049100001,19.244410521999995],[-98.899339102,19.244488885999996],[-98.89886716,19.245627773999995],[-98.899033998,19.245682598],[-98.899062891,19.245679655999997],[-98.899169265,19.245723697],[-98.899196912,19.245730363999996],[-98.899192948,19.245755821],[-98.899081445,19.246021287000005],[-98.899026872,19.246167902999996],[-98.898928898,19.246456186999996],[-98.896451342,19.245620999],[-98.8964322,19.245570545],[-98.896505023,19.245210551999996],[-98.896581103,19.244958215000004],[-98.89657392,19.244914994],[-98.89682883,19.244118817],[-98.89698683700001,19.243690931999993],[-98.897019813,19.243614828999995],[-98.897065908,19.243450409999998],[-98.897132752,19.243122755999998],[-98.897299983,19.242484861000005],[-98.897358345,19.242321255000004],[-98.89738971,19.242339967999996],[-98.897886972,19.242528305999997],[-98.898195729,19.242627807]]]}},{"type":"Feature","properties":{"id":7042,"entidad":15,"distrito":33,"distrito_l":1,"municipio":26,"seccion":6990,"tipo":2,"control":42440},"geometry":{"type":"Polygon","coordinates":[[[-98.897969772,19.240271718],[-98.897610007,19.241489960999996],[-98.89758113,19.241497467999995],[-98.897502551,19.241757487],[-98.897401275,19.242168141],[-98.897358345,19.242321255000004],[-98.897299983,19.242484861000005],[-98.897132752,19.243122755999998],[-98.897065908,19.243450409999998],[-98.897007537,19.243433143000004],[-98.896975023,19.243396059999995],[-98.896219388,19.243205321],[-98.896137441,19.243222701],[-98.895963545,19.243236972],[-98.89541695,19.243098420999996],[-98.895368472,19.243038830000003],[-98.895227677,19.243012896999996],[-98.894251048,19.242771916999995],[-98.890911502,19.241931275],[-98.890857208,19.241929552000002],[-98.890595609,19.240927432],[-98.890473683,19.240636910999996],[-98.890223912,19.239450229999996],[-98.890270788,19.239474607],[-98.891914353,19.239900423],[-98.892958571,19.240161137999998],[-98.892876313,19.240487092999995],[-98.893270115,19.240482094],[-98.89347538800001,19.240502390000003],[-98.893654941,19.240521290999997],[-98.894026439,19.240589828],[-98.894399647,19.240642699],[-98.894647277,19.240670086],[-98.894698263,19.240609945],[-98.894846087,19.240531458999996],[-98.894929911,19.240582052999997],[-98.895043429,19.240729780999995],[-98.895251803,19.240784207000004],[-98.895670789,19.240854521],[-98.895824381,19.240899353999996],[-98.896161496,19.241005020999996],[-98.896483388,19.241165191],[-98.896747896,19.241200881000005],[-98.896917708,19.240527421999992],[-98.89700455,19.240221744000003],[-98.897048543,19.240085240000003],[-98.897969772,19.240271718]]]}},{"type":"Feature","properties":{"id":7040,"entidad":15,"distrito":33,"distrito_l":1,"municipio":26,"seccion":6991,"tipo":2,"control":42436},"geometry":{"type":"Polygon","coordinates":[[[-98.897866313,19.239231674],[-98.89814542,19.239676928],[-98.897969772,19.240271718],[-98.897048543,19.240085240000003],[-98.89700455,19.240221744000003],[-98.896917708,19.240527421999992],[-98.896747896,19.241200881000005],[-98.896483388,19.241165191],[-98.896161496,19.241005020999996],[-98.895670789,19.240854521],[-98.895251803,19.240784207000004],[-98.895043429,19.240729780999995],[-98.894929911,19.240582052999997],[-98.894846087,19.240531458999996],[-98.894698263,19.240609945],[-98.894647277,19.240670086],[-98.894399647,19.240642699],[-98.894026439,19.240589828],[-98.893654941,19.240521290999997],[-98.89347538800001,19.240502390000003],[-98.893270115,19.240482094],[-98.892876313,19.240487092999995],[-98.892958571,19.240161137999998],[-98.892733967,19.240103774999998],[-98.893195813,19.238419617],[-98.893383942,19.237790263999997],[-98.893389875,19.237477387999995],[-98.893415156,19.237305434999996],[-98.897866313,19.239231674]]]}},{"type":"Feature","properties":{"id":7043,"entidad":15,"distrito":33,"distrito_l":1,"municipio":26,"seccion":6992,"tipo":2,"control":42446},"geometry":{"type":"Polygon","coordinates":[[[-98.85949002716355,19.280237950680824],[-98.85938771350521,19.28091370781793],[-98.85920776295407,19.281878658036185],[-98.85907736400127,19.28261932570581],[-98.859006949,19.282788844],[-98.858871334,19.283654705999997],[-98.858798158,19.283734686000003],[-98.85793812052601,19.28432063406943],[-98.85771713013168,19.284660101898798],[-98.85748866608421,19.28484058369808],[-98.8573591351144,19.28502114247344],[-98.856494547,19.28596350799999],[-98.855864822,19.286940187],[-98.855531177,19.287316648999997],[-98.85486832140255,19.28937585696235],[-98.85229787002092,19.284398185847852],[-98.852042379,19.28453853],[-98.85113233700001,19.283785055],[-98.851263936,19.283598728],[-98.851820694,19.282963836],[-98.85280852600002,19.281881935],[-98.85305085,19.281623790999994],[-98.85320662900001,19.281678431999993],[-98.85323577400001,19.281617203999993],[-98.853224006,19.281433469000003],[-98.853361161,19.281277196000005],[-98.853490149,19.281146246],[-98.853635596,19.281008365999995],[-98.853765626,19.280851045],[-98.85401786,19.280562802999995],[-98.85443249,19.280065396000005],[-98.85473977,19.279752359],[-98.85489914,19.279501826],[-98.855052271,19.279105296999997],[-98.855055104,19.278902920999993],[-98.855106884,19.278909643],[-98.85611989,19.279132808999996],[-98.856144674,19.279156402000005],[-98.856191007,19.279158140000003],[-98.856849653,19.279318687999993],[-98.856881838,19.279894631000005],[-98.856880007,19.280289011],[-98.856875356,19.280322716],[-98.856864686,19.280352382999997],[-98.857591121,19.280506022999997],[-98.857765499,19.280555829],[-98.858117731,19.280633209999998],[-98.858657162,19.280762886],[-98.858752422,19.280743322],[-98.858738215,19.280257285000005],[-98.858829501,19.280094619],[-98.85949002716355,19.280237950680824]]]}},{"type":"Feature","properties":{"id":7056,"entidad":15,"distrito":33,"distrito_l":1,"municipio":26,"seccion":6993,"tipo":2,"control":42445},"geometry":{"type":"Polygon","coordinates":[[[-98.851701741,19.278142474999996],[-98.851779172,19.277727358],[-98.853411555,19.278054711000003],[-98.85346315600002,19.277871518999998],[-98.853506804,19.277757559999998],[-98.854128066,19.278102150999988],[-98.854365634,19.278167161999992],[-98.854676694,19.278216431000004],[-98.855082168,19.278222109999994],[-98.855076604,19.278688224],[-98.855055104,19.278902920999993],[-98.855052271,19.279105296999997],[-98.85489914,19.279501826],[-98.85473977,19.279752359],[-98.85443249,19.280065396000005],[-98.85401786,19.280562802999995],[-98.853765626,19.280851045],[-98.853635596,19.281008365999995],[-98.853490149,19.281146246],[-98.853361161,19.281277196000005],[-98.853224006,19.281433469000003],[-98.85323577400001,19.281617203999993],[-98.85320662900001,19.281678431999993],[-98.85305085,19.281623790999994],[-98.85280852600002,19.281881935],[-98.851820694,19.282963836],[-98.851263936,19.283598728],[-98.85113233700001,19.283785055],[-98.849390536,19.281827973999995],[-98.848383532,19.281029713],[-98.847558911,19.280360169999998],[-98.846967105,19.279740166],[-98.84513427600001,19.277933075999997],[-98.844959661,19.277707563999993],[-98.845086591,19.277578989000002],[-98.845182737,19.277128713999996],[-98.845292042,19.27670455],[-98.845460885,19.276749073000005],[-98.847330968,19.277157274000004],[-98.847356478,19.277157121000002],[-98.847411047,19.277166940999997],[-98.848691937,19.277431140000004],[-98.849290065,19.277546076],[-98.849317668,19.277533099],[-98.849799044,19.277631072999995],[-98.85057609,19.277842096000004],[-98.851076494,19.277965102999996],[-98.85126009,19.278026108],[-98.851701741,19.278142474999996]]]}},{"type":"Feature","properties":{"id":7060,"entidad":15,"distrito":33,"distrito_l":1,"municipio":26,"seccion":6994,"tipo":2,"control":42448},"geometry":{"type":"Polygon","coordinates":[[[-98.85669008,19.274810285],[-98.856723056,19.27484902899999],[-98.85737979,19.275031094000003],[-98.858211421,19.27427812699999],[-98.857976643,19.274015006],[-98.858579308,19.273511236999994],[-98.858818858,19.273717442999992],[-98.85927821100002,19.273273118000002],[-98.859454216,19.27311660699999],[-98.859525158,19.273234062999993],[-98.8604482831951,19.274139616264435],[-98.8603449176839,19.274814539310697],[-98.86012470691745,19.276499015932227],[-98.85979229542697,19.278241507640036],[-98.85949002716355,19.280237950680824],[-98.858829501,19.280094619],[-98.858738215,19.280257285000005],[-98.858752422,19.280743322],[-98.858657162,19.280762886],[-98.858117731,19.280633209999998],[-98.857765499,19.280555829],[-98.857591121,19.280506022999997],[-98.856864686,19.280352382999997],[-98.856875356,19.280322716],[-98.856880007,19.280289011],[-98.856881838,19.279894631000005],[-98.856849653,19.279318687999993],[-98.856191007,19.279158140000003],[-98.856144674,19.279156402000005],[-98.85611989,19.279132808999996],[-98.855106884,19.278909643],[-98.855055104,19.278902920999993],[-98.855076604,19.278688224],[-98.855082168,19.278222109999994],[-98.854676694,19.278216431000004],[-98.854365634,19.278167161999992],[-98.854128066,19.278102150999988],[-98.853506804,19.277757559999998],[-98.85346315600002,19.277871518999998],[-98.853411555,19.278054711000003],[-98.851779172,19.277727358],[-98.851701741,19.278142474999996],[-98.85126009,19.278026108],[-98.851118392,19.277977850999992],[-98.851234272,19.277841038],[-98.85150037,19.277643024999996],[-98.85183947,19.277352555999997],[-98.852021044,19.277187685],[-98.852036753,19.277090552999997],[-98.852058316,19.277004493],[-98.851952367,19.276796635999993],[-98.852086796,19.276258417999998],[-98.852204308,19.275967463999997],[-98.852414682,19.275922667],[-98.852460457,19.275773977],[-98.852464507,19.275607307],[-98.85248293800001,19.275350522999997],[-98.852366094,19.275164002999997],[-98.852293667,19.274979625999997],[-98.852143327,19.274730311000003],[-98.852081085,19.274530020000004],[-98.8520806,19.274422996],[-98.852069852,19.274233483999996],[-98.852020513,19.27416060199999],[-98.852020517,19.274016319999998],[-98.852030249,19.273801501],[-98.852089501,19.273781404000005],[-98.85193414500002,19.273648016],[-98.851725462,19.273445274999993],[-98.851575303,19.273128365],[-98.851558793,19.272947772999995],[-98.851601978,19.272702732999996],[-98.851647528,19.272602202],[-98.851725605,19.27246755099999],[-98.851814998,19.272344655],[-98.851962452,19.272268530999998],[-98.852322206,19.272166120999994],[-98.852876454,19.272206418999996],[-98.853150518,19.272295598999996],[-98.8535507,19.272520718],[-98.853901239,19.272701391999995],[-98.853930991,19.272677981999998],[-98.85398409,19.272648681999996],[-98.854624082,19.273024508],[-98.854697966,19.272940584999997],[-98.855042509,19.273244689999995],[-98.855365356,19.273632618],[-98.855276451,19.273718697],[-98.855652455,19.274066900000005],[-98.855499487,19.274207467],[-98.855647712,19.274319407],[-98.85581094,19.27415166],[-98.856124458,19.274404971],[-98.856403923,19.274697738999997],[-98.856668236,19.275028186],[-98.85669008,19.274810285]]]}},{"type":"Feature","properties":{"id":7057,"entidad":15,"distrito":33,"distrito_l":1,"municipio":26,"seccion":6995,"tipo":2,"control":42447},"geometry":{"type":"Polygon","coordinates":[[[-98.851017268,19.271607753000005],[-98.851994238,19.272200562],[-98.852017812,19.272217399],[-98.852036502,19.272245157999997],[-98.851962452,19.272268530999998],[-98.851814998,19.272344655],[-98.851725605,19.27246755099999],[-98.851647528,19.272602202],[-98.851601978,19.272702732999996],[-98.851558793,19.272947772999995],[-98.851575303,19.273128365],[-98.851725462,19.273445274999993],[-98.85193414500002,19.273648016],[-98.852089501,19.273781404000005],[-98.852030249,19.273801501],[-98.852020517,19.274016319999998],[-98.852020513,19.27416060199999],[-98.852069852,19.274233483999996],[-98.8520806,19.274422996],[-98.852081085,19.274530020000004],[-98.852143327,19.274730311000003],[-98.852293667,19.274979625999997],[-98.852366094,19.275164002999997],[-98.85248293800001,19.275350522999997],[-98.852464507,19.275607307],[-98.852460457,19.275773977],[-98.852414682,19.275922667],[-98.852204308,19.275967463999997],[-98.852086796,19.276258417999998],[-98.851952367,19.276796635999993],[-98.852058316,19.277004493],[-98.852036753,19.277090552999997],[-98.852021044,19.277187685],[-98.85183947,19.277352555999997],[-98.85150037,19.277643024999996],[-98.851234272,19.277841038],[-98.851118392,19.277977850999992],[-98.85057609,19.277842096000004],[-98.849799044,19.277631072999995],[-98.849317668,19.277533099],[-98.849290065,19.277546076],[-98.848691937,19.277431140000004],[-98.847411047,19.277166940999997],[-98.847356478,19.277157121000002],[-98.847330968,19.277157274000004],[-98.845460885,19.276749073000005],[-98.845292042,19.27670455],[-98.845433244,19.275979962000005],[-98.845633369,19.275346213999992],[-98.84584482500001,19.274446152999992],[-98.845968256,19.273706967999995],[-98.846407218,19.27190696],[-98.846589317,19.27113647599999],[-98.846834266,19.270935729999998],[-98.847111124,19.270750103999998],[-98.847482173,19.270529862999997],[-98.84786562,19.27035141],[-98.848069664,19.270183519000003],[-98.850273789,19.27107421],[-98.851017268,19.271607753000005]]]}},{"type":"Feature","properties":{"id":7054,"entidad":15,"distrito":33,"distrito_l":1,"municipio":26,"seccion":6996,"tipo":2,"control":42443},"geometry":{"type":"Polygon","coordinates":[[[-98.848069664,19.270183519000003],[-98.84786562,19.27035141],[-98.847482173,19.270529862999997],[-98.847111124,19.270750103999998],[-98.846834266,19.270935729999998],[-98.846589317,19.27113647599999],[-98.846407218,19.27190696],[-98.845968256,19.273706967999995],[-98.84584482500001,19.274446152999992],[-98.845633369,19.275346213999992],[-98.845433244,19.275979962000005],[-98.845292042,19.27670455],[-98.845182737,19.277128713999996],[-98.845086591,19.277578989000002],[-98.844959661,19.277707563999993],[-98.844596083,19.277790789000004],[-98.84446467,19.277803934],[-98.843803174,19.277919854000004],[-98.841964314,19.277906552999998],[-98.841385657,19.277941854999998],[-98.841071411,19.277971921],[-98.838584216,19.277706262000002],[-98.838044343,19.277579722],[-98.838771119,19.275328592],[-98.838701187,19.275265757],[-98.837791294,19.275250181999997],[-98.836964857,19.27506446],[-98.837115897,19.274210826],[-98.836495676,19.274076644],[-98.83632432900002,19.273999441999997],[-98.83551121335302,19.273820628849116],[-98.83552221,19.27376318],[-98.83421907646188,19.273589190776416],[-98.832861749,19.273355845999998],[-98.833250337,19.273136873],[-98.83317329,19.272239273999997],[-98.833231066,19.272318535000004],[-98.833537766,19.272172486999995],[-98.833896239,19.272036849],[-98.834278957,19.271989244000004],[-98.834336159,19.272145711999997],[-98.834491943,19.272153014000004],[-98.835178366,19.271863353],[-98.835619212,19.271555301999992],[-98.835962806,19.271143816],[-98.83592997200002,19.271088154999997],[-98.836582232,19.270157725999997],[-98.83745508000001,19.269822362000003],[-98.838250579,19.269691444],[-98.838755291,19.269878794999993],[-98.839038114,19.269934443000004],[-98.839261474,19.269952015000005],[-98.840316117,19.269833669999993],[-98.840956291,19.269785205],[-98.8413936,19.269721363999995],[-98.841979571,19.269670395999995],[-98.842898831,19.269601958],[-98.84458046,19.269546145],[-98.849279676,19.269015721999992],[-98.848069664,19.270183519000003]]]}},{"type":"Feature","properties":{"id":7061,"entidad":15,"distrito":33,"distrito_l":1,"municipio":26,"seccion":6997,"tipo":2,"control":42450},"geometry":{"type":"Polygon","coordinates":[[[-98.858507463,19.272144519999998],[-98.858721801,19.272396031999996],[-98.859263923,19.272911923000002],[-98.859454216,19.27311660699999],[-98.85927821100002,19.273273118000002],[-98.858818858,19.273717442999992],[-98.858579308,19.273511236999994],[-98.857976643,19.274015006],[-98.858211421,19.27427812699999],[-98.85737979,19.275031094000003],[-98.856723056,19.27484902899999],[-98.85669008,19.274810285],[-98.856668236,19.275028186],[-98.856403923,19.274697738999997],[-98.856124458,19.274404971],[-98.85581094,19.27415166],[-98.855647712,19.274319407],[-98.855499487,19.274207467],[-98.855652455,19.274066900000005],[-98.855276451,19.273718697],[-98.855365356,19.273632618],[-98.855042509,19.273244689999995],[-98.854697966,19.272940584999997],[-98.854624082,19.273024508],[-98.85398409,19.272648681999996],[-98.853930991,19.272677981999998],[-98.853901239,19.272701391999995],[-98.8535507,19.272520718],[-98.853150518,19.272295598999996],[-98.852876454,19.272206418999996],[-98.852322206,19.272166120999994],[-98.852036502,19.272245157999997],[-98.852017812,19.272217399],[-98.851994238,19.272200562],[-98.851017268,19.271607753000005],[-98.850273789,19.27107421],[-98.848069664,19.270183519000003],[-98.849279676,19.269015721999992],[-98.849822624,19.268873473999996],[-98.850488032,19.268596092],[-98.850919537,19.268528940000003],[-98.851323289,19.268302027999997],[-98.852212612,19.268382489999997],[-98.852821783,19.268382981],[-98.853317199,19.26835447699999],[-98.853660424,19.26834274599999],[-98.854423121,19.268405162],[-98.854739196,19.268384958999995],[-98.854870418,19.268252111],[-98.854897349,19.268244128],[-98.85497133600002,19.268236183],[-98.855830421,19.268376485],[-98.856542299,19.268592037999998],[-98.856586999,19.268610304],[-98.857268558,19.268830054],[-98.857224654,19.268972533],[-98.857731858,19.269122111000005],[-98.857680368,19.269568016000004],[-98.857506827,19.270527058000003],[-98.85743238400002,19.271051946],[-98.858507463,19.272144519999998]]]}},{"type":"Feature","properties":{"id":7055,"entidad":15,"distrito":33,"distrito_l":1,"municipio":26,"seccion":6998,"tipo":2,"control":42444},"geometry":{"type":"Polygon","coordinates":[[[-98.857920002,19.268305981999998],[-98.85954558825371,19.26987872495905],[-98.85999524700001,19.270404023999998],[-98.859525158,19.273234062999993],[-98.859454216,19.27311660699999],[-98.859263923,19.272911923000002],[-98.858721801,19.272396031999996],[-98.858507463,19.272144519999998],[-98.85743238400002,19.271051946],[-98.857506827,19.270527058000003],[-98.857680368,19.269568016000004],[-98.857731858,19.269122111000005],[-98.857224654,19.268972533],[-98.857268558,19.268830054],[-98.856586999,19.268610304],[-98.856542299,19.268592037999998],[-98.855830421,19.268376485],[-98.85497133600002,19.268236183],[-98.854897349,19.268244128],[-98.854870418,19.268252111],[-98.854739196,19.268384958999995],[-98.854423121,19.268405162],[-98.853660424,19.26834274599999],[-98.853317199,19.26835447699999],[-98.852821783,19.268382981],[-98.852212612,19.268382489999997],[-98.851323289,19.268302027999997],[-98.850919537,19.268528940000003],[-98.850488032,19.268596092],[-98.849822624,19.268873473999996],[-98.849279676,19.269015721999992],[-98.84458046,19.269546145],[-98.842898831,19.269601958],[-98.841979571,19.269670395999995],[-98.8413936,19.269721363999995],[-98.840956291,19.269785205],[-98.840316117,19.269833669999993],[-98.839261474,19.269952015000005],[-98.839038114,19.269934443000004],[-98.838755291,19.269878794999993],[-98.838250579,19.269691444],[-98.83745508000001,19.269822362000003],[-98.836443683,19.269816838999997],[-98.836473491,19.269708265999995],[-98.836470166,19.269100836999996],[-98.836459819,19.26871157],[-98.836464585,19.268313091999996],[-98.83645732900001,19.267748781000005],[-98.836462979,19.267541416],[-98.836451554,19.267352360999997],[-98.83644612800002,19.267136485],[-98.83709925,19.26713940899999],[-98.837097728,19.266936784],[-98.836080157,19.266966452999995],[-98.836084295,19.266571551],[-98.836073446,19.266180192999997],[-98.836073535,19.265386723],[-98.83604028,19.265362716],[-98.836030437,19.265326013999992],[-98.836058646,19.264109471],[-98.8360591604189,19.263915951953212],[-98.8376570975287,19.26393621231015],[-98.83941689164257,19.264078217374994],[-98.8405243105765,19.264271510565248],[-98.841443547,19.26439098199999],[-98.842478824,19.264506310000005],[-98.84334896735432,19.264629967949585],[-98.84560301259438,19.26519712150267],[-98.847265429,19.265653694],[-98.848489333,19.265930310999998],[-98.85156688016536,19.266141608322],[-98.854172254,19.265345775999997],[-98.854547308,19.265405446],[-98.855571205,19.266180486000003],[-98.857920002,19.268305981999998]]]}},{"type":"Feature","properties":{"id":7048,"entidad":15,"distrito":33,"distrito_l":1,"municipio":26,"seccion":6999,"tipo":2,"control":42449},"geometry":{"type":"Polygon","coordinates":[[[-98.83709925,19.26713940899999],[-98.83644612800002,19.267136485],[-98.836451554,19.267352360999997],[-98.836462979,19.267541416],[-98.83645732900001,19.267748781000005],[-98.836464585,19.268313091999996],[-98.836459819,19.26871157],[-98.836470166,19.269100836999996],[-98.836473491,19.269708265999995],[-98.836443683,19.269816838999997],[-98.83745508000001,19.269822362000003],[-98.836582232,19.270157725999997],[-98.83592997200002,19.271088154999997],[-98.835962806,19.271143816],[-98.835619212,19.271555301999992],[-98.835178366,19.271863353],[-98.834491943,19.272153014000004],[-98.834336159,19.272145711999997],[-98.834278957,19.271989244000004],[-98.833896239,19.272036849],[-98.833537766,19.272172486999995],[-98.833231066,19.272318535000004],[-98.83317329,19.272239273999997],[-98.83319957700002,19.272091054],[-98.83336447,19.271497496],[-98.833614244,19.270400320999997],[-98.833765813,19.269688879],[-98.833025513,19.269596309000004],[-98.832269437,19.269527229],[-98.83178106,19.269558837],[-98.830140524,19.26985888],[-98.830381307,19.269141408],[-98.83062349100001,19.268376363999998],[-98.830489073,19.267909324999998],[-98.830544293,19.267718902],[-98.830718615,19.26735328599999],[-98.830821655,19.267264043999997],[-98.831995786,19.266402092],[-98.832544692,19.265964336999996],[-98.832666695,19.265689561],[-98.832894953,19.265508082999997],[-98.833789731,19.264757213],[-98.83464353152462,19.264172279225047],[-98.83557182601702,19.26390977022677],[-98.8360591604189,19.263915951953212],[-98.836058646,19.264109471],[-98.836030437,19.265326013999992],[-98.83604028,19.265362716],[-98.836073535,19.265386723],[-98.836073446,19.266180192999997],[-98.836084295,19.266571551],[-98.836080157,19.266966452999995],[-98.837097728,19.266936784],[-98.83709925,19.26713940899999]]]}},{"type":"Feature","properties":{"id":14039,"entidad":15,"distrito":33,"distrito_l":1,"municipio":26,"seccion":7201,"tipo":2,"control":114039},"geometry":{"type":"Polygon","coordinates":[[[-98.91220893454212,19.28967971206657],[-98.9133764620143,19.29012867334721],[-98.91349400185507,19.290153843449648],[-98.91314378152155,19.290956196449],[-98.9119492295693,19.290394214328376],[-98.91032239302815,19.29009088464791],[-98.90855576800175,19.289737595924546],[-98.90758388726915,19.289600308919645],[-98.90660838191543,19.28941043143145],[-98.9059825856277,19.289282183675542],[-98.904700871028,19.288997904730067],[-98.90399915381334,19.289062786322766],[-98.90266344933126,19.289144574203288],[-98.902686129,19.289053760999998],[-98.902805966,19.288744380999994],[-98.903022258,19.288070248999997],[-98.903149533,19.287713257999993],[-98.90326439200001,19.287364027],[-98.90339878,19.287015738],[-98.90351878624855,19.286547317739554],[-98.90591971600001,19.287419503999995],[-98.906192151,19.287509894999992],[-98.906749224,19.287717132],[-98.90708093000002,19.287848291000003],[-98.907692712,19.288071646],[-98.908128981,19.288220914999997],[-98.908970423,19.288530994],[-98.909819007,19.288823038000004],[-98.910276688,19.288994758000005],[-98.91113752852358,19.289290451226993],[-98.91220893454212,19.28967971206657]]]}},{"type":"Feature","properties":{"id":14038,"entidad":15,"distrito":33,"distrito_l":1,"municipio":26,"seccion":7202,"tipo":2,"control":114038},"geometry":{"type":"Polygon","coordinates":[[[-98.897502636,19.286668176999996],[-98.898170285,19.286901321999995],[-98.899167608,19.287274427999996],[-98.898915807,19.288104346999997],[-98.898698782,19.288765632],[-98.89848428645057,19.289525580745565],[-98.89761137431762,19.289391872445815],[-98.89619013701568,19.28954707180778],[-98.89410706424334,19.290190301616747],[-98.89388872206746,19.290053582041526],[-98.89338557290397,19.287812591789717],[-98.893756259,19.287713222],[-98.894126565,19.287593657],[-98.895048831,19.287403102],[-98.894976937,19.287010721000005],[-98.895619752,19.286883425],[-98.895636107,19.286948823999996],[-98.897051372,19.286695774],[-98.897013379,19.286519937],[-98.897502636,19.286668176999996]]]}},{"type":"Feature","properties":{"id":14040,"entidad":15,"distrito":33,"distrito_l":1,"municipio":26,"seccion":7203,"tipo":2,"control":114040},"geometry":{"type":"Polygon","coordinates":[[[-98.89886731699863,19.284859930004554],[-98.90351878624855,19.286547317739554],[-98.90339878,19.287015738],[-98.90326439200001,19.287364027],[-98.903149533,19.287713257999993],[-98.903022258,19.288070248999997],[-98.902805966,19.288744380999994],[-98.902686129,19.289053760999998],[-98.90266344933126,19.289144574203288],[-98.90149080074045,19.28924260002388],[-98.89891016188892,19.289528694850162],[-98.89853133157692,19.289532787183564],[-98.89848428645057,19.289525580745565],[-98.898698782,19.288765632],[-98.898915807,19.288104346999997],[-98.899167608,19.287274427999996],[-98.898170285,19.286901321999995],[-98.898305159,19.286466284000003],[-98.89840026500002,19.286201516000002],[-98.898416417,19.286118636999998],[-98.898491348,19.285830418999996],[-98.898648269,19.285411104000005],[-98.89886731699863,19.284859930004554]]]}},{"type":"Feature","properties":{"id":14041,"entidad":15,"distrito":33,"distrito_l":1,"municipio":26,"seccion":7204,"tipo":2,"control":114041},"geometry":{"type":"Polygon","coordinates":[[[-98.91181790709409,19.28728862649102],[-98.91271582523353,19.287595178402192],[-98.91357538047102,19.287876197699365],[-98.91414713454557,19.28807325916499],[-98.91346376740935,19.28847016471928],[-98.91284949618144,19.288837946320808],[-98.91291849900762,19.28899103954625],[-98.91228082102131,19.28911241254457],[-98.91149301652187,19.28907546161557],[-98.91113752852358,19.289290451226993],[-98.91068128600001,19.289136907],[-98.910276688,19.288994758000005],[-98.909819007,19.288823038000004],[-98.908970423,19.288530994],[-98.908128981,19.288220914999997],[-98.907692712,19.288071646],[-98.90708093000002,19.287848291000003],[-98.906749224,19.287717132],[-98.906192151,19.287509894999992],[-98.90591971600001,19.287419503999995],[-98.90556010203687,19.287287786232334],[-98.90537270699666,19.286637767458863],[-98.90549922639441,19.28655413487203],[-98.90622510294897,19.286102581546857],[-98.90654304945308,19.28593478672518],[-98.90680999003844,19.28576937859466],[-98.90710384482334,19.285597027344895],[-98.90771929208911,19.28582969605062],[-98.90856781847185,19.286139524670386],[-98.91050369345677,19.286827473709103],[-98.91134602443053,19.287138382576007],[-98.91181790709409,19.28728862649102]]]}},{"type":"Feature","properties":{"id":14037,"entidad":15,"distrito":33,"distrito_l":1,"municipio":26,"seccion":7205,"tipo":2,"control":114037},"geometry":{"type":"Polygon","coordinates":[[[-98.89428979684766,19.283199218945978],[-98.89886731699863,19.284859930004554],[-98.898648269,19.285411104000005],[-98.898491348,19.285830418999996],[-98.898416417,19.286118636999998],[-98.89840026500002,19.286201516000002],[-98.898305159,19.286466284000003],[-98.898170285,19.286901321999995],[-98.897502636,19.286668176999996],[-98.897013379,19.286519937],[-98.897051372,19.286695774],[-98.895636107,19.286948823999996],[-98.895619752,19.286883425],[-98.894976937,19.287010721000005],[-98.895048831,19.287403102],[-98.894126565,19.287593657],[-98.893756259,19.287713222],[-98.89338557290397,19.287812591789717],[-98.89232688220731,19.283097056064125],[-98.89247790466625,19.2824967817146],[-98.89428979684766,19.283199218945978]]]}},{"type":"Feature","properties":{"id":14046,"entidad":15,"distrito":33,"distrito_l":1,"municipio":26,"seccion":7206,"tipo":2,"control":114046},"geometry":{"type":"Polygon","coordinates":[[[-98.903328152,19.2775039],[-98.903866326,19.27808778],[-98.90407560600002,19.278333422],[-98.90439116589006,19.27873656001569],[-98.90426629541494,19.27873402428293],[-98.90328772715621,19.278685109687377],[-98.90231934460571,19.278650715103122],[-98.90257890078495,19.27929940491023],[-98.9028282395195,19.279991648286046],[-98.90296057070525,19.280311154261142],[-98.90323538582535,19.281022770279385],[-98.90272788761084,19.280853636466066],[-98.90231643944156,19.280698171575544],[-98.90169644190433,19.280478354208352],[-98.90145409240199,19.28037115787572],[-98.90120610248988,19.28026931146232],[-98.90071573852032,19.28010309370755],[-98.90060882277932,19.279776484891187],[-98.90037736214636,19.279120855017567],[-98.90015854284978,19.27858780894463],[-98.8993785385822,19.278554398356235],[-98.89903671473901,19.27854436629082],[-98.8989859809033,19.278538984964417],[-98.89896428900002,19.278477606],[-98.899032398,19.277915996999997],[-98.899133808,19.276840725],[-98.899197362,19.276323086999998],[-98.902666649,19.276708120999995],[-98.902713519,19.276771199],[-98.903328152,19.2775039]]]}},{"type":"Feature","properties":{"id":14045,"entidad":15,"distrito":33,"distrito_l":1,"municipio":26,"seccion":7207,"tipo":2,"control":114045},"geometry":{"type":"Polygon","coordinates":[[[-98.9058860100494,19.273784709800967],[-98.9097085438627,19.278889488934553],[-98.90758939253224,19.278832533591707],[-98.90688095070763,19.27879345449742],[-98.90439116589006,19.27873656001569],[-98.90407560600002,19.278333422],[-98.903866326,19.27808778],[-98.903328152,19.2775039],[-98.902713519,19.276771199],[-98.902204512,19.276108377],[-98.90479857500002,19.276377117],[-98.90488861500002,19.275835068999992],[-98.904935272,19.275318909999996],[-98.905001784,19.274784566999994],[-98.905086675,19.274267695999995],[-98.905156916,19.273642545],[-98.90522362098831,19.27362460879404],[-98.90576326927655,19.273639255534995],[-98.9058860100494,19.273784709800967]]]}},{"type":"Feature","properties":{"id":14043,"entidad":15,"distrito":33,"distrito_l":1,"municipio":26,"seccion":7208,"tipo":2,"control":114043},"geometry":{"type":"Polygon","coordinates":[[[-98.901757409,19.275520105],[-98.902666649,19.276708120999995],[-98.899197362,19.276323086999998],[-98.899133808,19.276840725],[-98.899032398,19.277915996999997],[-98.89896428900002,19.278477606],[-98.8989859809033,19.278538984964417],[-98.8985865519799,19.27852116031864],[-98.898125026,19.277847326],[-98.897753035,19.277336174999995],[-98.897673118,19.277214236],[-98.897246316,19.276665745999995],[-98.896870171,19.276169932000002],[-98.896932986,19.276053514],[-98.897098389,19.276067148999996],[-98.897152796,19.275506182],[-98.89722194600002,19.27497372499999],[-98.897279792,19.274444606000003],[-98.897358269,19.273930108999995],[-98.897426101,19.273381249],[-98.897495185,19.272751857999996],[-98.8975407785381,19.27270844518717],[-98.89959755522915,19.272957132701343],[-98.89983497007006,19.272993441291298],[-98.90016754941641,19.273025742994687],[-98.900149351,19.273086081],[-98.900429659,19.273780185999996],[-98.900838912,19.274393449999998],[-98.901757409,19.275520105]]]}},{"type":"Feature","properties":{"id":14042,"entidad":15,"distrito":33,"distrito_l":1,"municipio":26,"seccion":7209,"tipo":2,"control":114042},"geometry":{"type":"Polygon","coordinates":[[[-98.897673118,19.277214236],[-98.897753035,19.277336174999995],[-98.898125026,19.277847326],[-98.8985865519799,19.27852116031864],[-98.89761610875122,19.278490043029407],[-98.89728913967872,19.278484506266324],[-98.89716511232588,19.278489789808187],[-98.89669660037045,19.27846339869445],[-98.89603764831146,19.278446325578297],[-98.89567121383084,19.27844611675631],[-98.89559236409909,19.27832829893202],[-98.89618098172919,19.277308046050724],[-98.89592864040542,19.276983237100094],[-98.89567821075833,19.27736578979676],[-98.89498618379467,19.27639737636449],[-98.89494667580963,19.276388955353013],[-98.89406857898098,19.275176325181906],[-98.89312548514462,19.27392879846706],[-98.89332429952093,19.27361120094946],[-98.89337400311501,19.273543831699914],[-98.89372065382238,19.27301450091829],[-98.89416998394543,19.272262201383803],[-98.8954100684673,19.272434220510675],[-98.8975407785381,19.27270844518717],[-98.897495185,19.272751857999996],[-98.897426101,19.273381249],[-98.897358269,19.273930108999995],[-98.897279792,19.274444606000003],[-98.89722194600002,19.27497372499999],[-98.897152796,19.275506182],[-98.897098389,19.276067148999996],[-98.896932986,19.276053514],[-98.896870171,19.276169932000002],[-98.897246316,19.276665745999995],[-98.897673118,19.277214236]]]}},{"type":"Feature","properties":{"id":14044,"entidad":15,"distrito":33,"distrito_l":1,"municipio":26,"seccion":7210,"tipo":2,"control":114044},"geometry":{"type":"Polygon","coordinates":[[[-98.90212917603286,19.273267702043643],[-98.90459250528824,19.273547375669338],[-98.90522362098831,19.27362460879404],[-98.905156916,19.273642545],[-98.905086675,19.274267695999995],[-98.905001784,19.274784566999994],[-98.904935272,19.275318909999996],[-98.90488861500002,19.275835068999992],[-98.90479857500002,19.276377117],[-98.902204512,19.276108377],[-98.901757409,19.275520105],[-98.900838912,19.274393449999998],[-98.900429659,19.273780185999996],[-98.900149351,19.273086081],[-98.90016754941641,19.273025742994687],[-98.90212917603286,19.273267702043643]]]}},{"type":"Feature","properties":{"id":14048,"entidad":15,"distrito":33,"distrito_l":1,"municipio":26,"seccion":7211,"tipo":2,"control":114048},"geometry":{"type":"Polygon","coordinates":[[[-98.912556818,19.274012477],[-98.913318797,19.273484114999995],[-98.913592394,19.273321872],[-98.914131012,19.272924407999998],[-98.91444515315007,19.272675921633557],[-98.91555096836184,19.274130085463387],[-98.91602012735694,19.2747315818494],[-98.91605963628717,19.274690493223016],[-98.91741133634838,19.27614894752331],[-98.9152837531243,19.278000398208967],[-98.91309150971868,19.279940258626404],[-98.91258795570631,19.280397555465044],[-98.91151736974288,19.281322362762452],[-98.91133033411427,19.28106061228915],[-98.91035920489425,19.279745918744776],[-98.911135857,19.279087720999996],[-98.911465399,19.278798899999998],[-98.911723731,19.278506873],[-98.912029663,19.278218056],[-98.912758126,19.277568750999997],[-98.913084383,19.277261748],[-98.913359294,19.277048878999995],[-98.913610682,19.276764996],[-98.913930271,19.276548107000004],[-98.914229181,19.276224991],[-98.912556818,19.274012477]]]}},{"type":"Feature","properties":{"id":14050,"entidad":15,"distrito":33,"distrito_l":1,"municipio":26,"seccion":7212,"tipo":2,"control":114050},"geometry":{"type":"Polygon","coordinates":[[[-98.911465399,19.278798899999998],[-98.911135857,19.279087720999996],[-98.91035920489425,19.279745918744776],[-98.9097085438627,19.278889488934553],[-98.9058860100494,19.273784709800967],[-98.90668121829819,19.27312358269449],[-98.90698211793234,19.272852710768927],[-98.90728913457751,19.27261681244593],[-98.90760538133593,19.27233720450325],[-98.910318902,19.275947804],[-98.90997372300001,19.276196947],[-98.911723731,19.278506873],[-98.911465399,19.278798899999998]]]}},{"type":"Feature","properties":{"id":14047,"entidad":15,"distrito":33,"distrito_l":1,"municipio":26,"seccion":7213,"tipo":2,"control":114047},"geometry":{"type":"Polygon","coordinates":[[[-98.91187348800001,19.274504876000005],[-98.912206834,19.27427254],[-98.912556818,19.274012477],[-98.914229181,19.276224991],[-98.913930271,19.276548107000004],[-98.913610682,19.276764996],[-98.913359294,19.277048878999995],[-98.913084383,19.277261748],[-98.912758126,19.277568750999997],[-98.912029663,19.278218056],[-98.911723731,19.278506873],[-98.90997372300001,19.276196947],[-98.910318902,19.275947804],[-98.910678238,19.27567712899999],[-98.911008426,19.275349477000002],[-98.911327049,19.275067776999997],[-98.911663185,19.274805371999996],[-98.91194952,19.274599376],[-98.91187348800001,19.274504876000005]]]}},{"type":"Feature","properties":{"id":14051,"entidad":15,"distrito":33,"distrito_l":1,"municipio":26,"seccion":7214,"tipo":2,"control":114051},"geometry":{"type":"Polygon","coordinates":[[[-98.90949974657073,19.270703257324723],[-98.911070588,19.272752675999996],[-98.912206834,19.27427254],[-98.91187348800001,19.274504876000005],[-98.91194952,19.274599376],[-98.911663185,19.274805371999996],[-98.911327049,19.275067776999997],[-98.911008426,19.275349477000002],[-98.910678238,19.27567712899999],[-98.910318902,19.275947804],[-98.90760538133593,19.27233720450325],[-98.90794924643893,19.272057609910377],[-98.90823966411574,19.271811990028745],[-98.90871529567391,19.27137605932716],[-98.90949974657073,19.270703257324723]]]}},{"type":"Feature","properties":{"id":14049,"entidad":15,"distrito":33,"distrito_l":1,"municipio":26,"seccion":7215,"tipo":2,"control":114049},"geometry":{"type":"Polygon","coordinates":[[[-98.91163288175764,19.268868172913155],[-98.91224337011825,19.26837923859858],[-98.91308251040601,19.269496335879342],[-98.91271993289514,19.269734359922616],[-98.91388677250457,19.27124921208696],[-98.91359333333531,19.271453329700748],[-98.91393805822075,19.27195932884733],[-98.91444515315007,19.272675921633557],[-98.914131012,19.272924407999998],[-98.913592394,19.273321872],[-98.913318797,19.273484114999995],[-98.912556818,19.274012477],[-98.912206834,19.27427254],[-98.911070588,19.272752675999996],[-98.90949974657073,19.270703257324723],[-98.91024669856662,19.270079554665624],[-98.91052026523086,19.26983949698609],[-98.91073868786978,19.26962587320551],[-98.91099913444631,19.26940350414054],[-98.91137823446161,19.26906136622104],[-98.91163288175764,19.268868172913155]]]}},{"type":"Feature","properties":{"id":14057,"entidad":15,"distrito":33,"distrito_l":1,"municipio":26,"seccion":7216,"tipo":2,"control":114057},"geometry":{"type":"Polygon","coordinates":[[[-98.846074626,19.245764079999994],[-98.846460327,19.244384762],[-98.846514257,19.244429798],[-98.84663777200001,19.244477941],[-98.846978358,19.244589326],[-98.847841404,19.244736069999995],[-98.848068954,19.244783078999998],[-98.848224027,19.244809219],[-98.848606233,19.244884354],[-98.84930597,19.245044283],[-98.84998039778219,19.24512802391905],[-98.85147529680987,19.245419775873014],[-98.85108447502358,19.247208303444744],[-98.85152967508068,19.248126519091663],[-98.85153065054246,19.248206073847232],[-98.85192681035811,19.24894077734703],[-98.8524574951758,19.250129918073018],[-98.8522097086499,19.251052914820477],[-98.85207308379123,19.251038385262053],[-98.85180732698295,19.251594935709193],[-98.85161803237332,19.25195813615335],[-98.85171045368055,19.252017848162485],[-98.85073231619796,19.254556811590895],[-98.85177341862406,19.25535618042264],[-98.85084660113036,19.257886882279614],[-98.85102760734041,19.2580121772713],[-98.85073972313512,19.259153687810354],[-98.85087512008215,19.25928948209505],[-98.85026872398993,19.26079371438698],[-98.85018123381809,19.260735697246933],[-98.8500113485764,19.26085144900203],[-98.84972266012382,19.26033726068487],[-98.84889781782657,19.25938972032147],[-98.84459376983774,19.25546668167338],[-98.84313798227102,19.254111006971556],[-98.84298849979987,19.25396367659653],[-98.843440444,19.252648389],[-98.843723607,19.251699721],[-98.844216102,19.250405167],[-98.844392047,19.249958244999995],[-98.84443305600001,19.249837398999997],[-98.844931569,19.24890922],[-98.84510333600001,19.24847987],[-98.845912071,19.246394122000005],[-98.845980009,19.246172509999994],[-98.846074626,19.245764079999994]]]}},{"type":"Feature","properties":{"id":14056,"entidad":15,"distrito":33,"distrito_l":1,"municipio":26,"seccion":7217,"tipo":2,"control":114056},"geometry":{"type":"Polygon","coordinates":[[[-98.84510333600001,19.24847987],[-98.844931569,19.24890922],[-98.84443305600001,19.249837398999997],[-98.844392047,19.249958244999995],[-98.844216102,19.250405167],[-98.843723607,19.251699721],[-98.843440444,19.252648389],[-98.84298849979987,19.25396367659653],[-98.84198567376727,19.252975278250204],[-98.84017932729915,19.251054903996632],[-98.84002682117554,19.250945916494345],[-98.84014995252457,19.250047849903936],[-98.840176012,19.249811447999992],[-98.840152258,19.249760535999997],[-98.84021055,19.249741546999992],[-98.84031381200002,19.249220466],[-98.840502182,19.249246191000005],[-98.84161524,19.249437025],[-98.841987637,19.249524842],[-98.842265699,19.248040145],[-98.842652522,19.248101456999997],[-98.843218433,19.248202656],[-98.843310391,19.248280209000004],[-98.843412887,19.248294248999997],[-98.843508735,19.248254569999993],[-98.843544413,19.248186418999996],[-98.843528541,19.248047386],[-98.843578565,19.247927089],[-98.843573807,19.247896337],[-98.845220439,19.248170013],[-98.84510333600001,19.24847987]]]}},{"type":"Feature","properties":{"id":14054,"entidad":15,"distrito":33,"distrito_l":1,"municipio":26,"seccion":7218,"tipo":2,"control":114054},"geometry":{"type":"Polygon","coordinates":[[[-98.842597057,19.242945197],[-98.842852669,19.243092433],[-98.843231379,19.243196012000002],[-98.843383592,19.243245551999998],[-98.844076063,19.24344487799999],[-98.844287696,19.243493104000002],[-98.845195915,19.243663340999994],[-98.845893525,19.243983084],[-98.846163048,19.244179203000005],[-98.846460327,19.244384762],[-98.846074626,19.245764079999994],[-98.845980009,19.246172509999994],[-98.845912071,19.246394122000005],[-98.845220439,19.248170013],[-98.843573807,19.247896337],[-98.843578565,19.247927089],[-98.843528541,19.248047386],[-98.843544413,19.248186418999996],[-98.843508735,19.248254569999993],[-98.843412887,19.248294248999997],[-98.843310391,19.248280209000004],[-98.843218433,19.248202656],[-98.842652522,19.248101456999997],[-98.842265699,19.248040145],[-98.841987637,19.249524842],[-98.84161524,19.249437025],[-98.840502182,19.249246191000005],[-98.84031381200002,19.249220466],[-98.84021055,19.249741546999992],[-98.840152258,19.249760535999997],[-98.840176012,19.249811447999992],[-98.84014995252457,19.250047849903936],[-98.836226278287,19.249103698089087],[-98.83685920162841,19.246824101944306],[-98.83673757223184,19.246632716498624],[-98.83718354668594,19.244859200751275],[-98.83790712534436,19.24218336911298],[-98.838159942,19.242168923999998],[-98.838388664,19.242122065999997],[-98.841058856,19.242785198999997],[-98.84181028,19.242802265],[-98.842266179,19.242855934000005],[-98.842453266,19.242870682999992],[-98.842597057,19.242945197]]]}},{"type":"Feature","properties":{"id":14052,"entidad":15,"distrito":33,"distrito_l":1,"municipio":26,"seccion":7219,"tipo":2,"control":114052},"geometry":{"type":"Polygon","coordinates":[[[-98.848489185,19.240619670999997],[-98.849003781,19.240725114],[-98.8510480250175,19.241189019466344],[-98.8508714865356,19.241905856330177],[-98.85074866781855,19.242262754867742],[-98.84998039778219,19.24512802391905],[-98.84930597,19.245044283],[-98.848606233,19.244884354],[-98.848224027,19.244809219],[-98.848068954,19.244783078999998],[-98.847841404,19.244736069999995],[-98.846978358,19.244589326],[-98.84663777200001,19.244477941],[-98.846514257,19.244429798],[-98.846460327,19.244384762],[-98.846163048,19.244179203000005],[-98.845893525,19.243983084],[-98.845195915,19.243663340999994],[-98.844287696,19.243493104000002],[-98.844478159,19.242401657999995],[-98.844551563,19.242384684],[-98.845146333,19.23964106],[-98.846396706,19.239941763999997],[-98.84677594400002,19.240038398000003],[-98.84676839,19.240084764999995],[-98.847393564,19.240251163999993],[-98.84761112100001,19.240439439999996],[-98.848086223,19.240547822999996],[-98.848489185,19.240619670999997]]]}},{"type":"Feature","properties":{"id":14055,"entidad":15,"distrito":33,"distrito_l":1,"municipio":26,"seccion":7220,"tipo":2,"control":114055},"geometry":{"type":"Polygon","coordinates":[[[-98.842543678,19.235537069],[-98.842942293,19.235668480999994],[-98.842748022,19.23650750199999],[-98.842966032,19.236542028],[-98.84240907,19.239208194999996],[-98.842789463,19.239282747],[-98.843192546,19.239350666999997],[-98.843947875,19.239507376],[-98.844443329,19.239585556],[-98.844744529,19.239580077],[-98.845146333,19.23964106],[-98.844551563,19.242384684],[-98.844478159,19.242401657999995],[-98.844287696,19.243493104000002],[-98.844076063,19.24344487799999],[-98.843383592,19.243245551999998],[-98.843231379,19.243196012000002],[-98.842852669,19.243092433],[-98.842597057,19.242945197],[-98.842453266,19.242870682999992],[-98.842266179,19.242855934000005],[-98.84181028,19.242802265],[-98.841058856,19.242785198999997],[-98.838388664,19.242122065999997],[-98.838159942,19.242168923999998],[-98.83790712534436,19.24218336911298],[-98.83815819865784,19.241189276387242],[-98.83960855117523,19.23417584241756],[-98.83966546758276,19.234197384207114],[-98.84116376614281,19.229368693248574],[-98.84250736174567,19.230372674860558],[-98.842497865,19.230440888],[-98.842362214,19.230841255999998],[-98.842420522,19.230905408999995],[-98.843302545,19.231234775],[-98.84305192500001,19.232151048999995],[-98.84345094600002,19.23232354199999],[-98.842834535,19.234638353999998],[-98.842881186,19.234714232999995],[-98.842712457,19.235298259],[-98.84110304200001,19.234721835000002],[-98.84100779300002,19.235136513999997],[-98.84137531700001,19.235274578999995],[-98.841736375,19.235393186000003],[-98.841945202,19.235329958000005],[-98.842172763,19.235397452999997],[-98.842543678,19.235537069]]]}},{"type":"Feature","properties":{"id":14053,"entidad":15,"distrito":33,"distrito_l":1,"municipio":26,"seccion":7221,"tipo":2,"control":114053},"geometry":{"type":"Polygon","coordinates":[[[-98.85174656605767,19.23862098560182],[-98.8510480250175,19.241189019466344],[-98.849003781,19.240725114],[-98.848489185,19.240619670999997],[-98.848086223,19.240547822999996],[-98.84761112100001,19.240439439999996],[-98.847393564,19.240251163999993],[-98.84676839,19.240084764999995],[-98.84677594400002,19.240038398000003],[-98.846396706,19.239941763999997],[-98.846883459,19.237813560999996],[-98.847316376,19.23791551],[-98.847522222,19.237076465999994],[-98.848318142,19.237417533999995],[-98.84837339300002,19.237281828],[-98.848449211,19.236983237999997],[-98.848576798,19.236519448],[-98.848884774,19.235307966999994],[-98.8489434463352,19.235181636154845],[-98.8508667810823,19.23660568340462],[-98.85049584948025,19.23818540450161],[-98.85174656605767,19.23862098560182]]]}},{"type":"Feature","properties":{"id":14058,"entidad":15,"distrito":33,"distrito_l":1,"municipio":26,"seccion":7222,"tipo":2,"control":114058},"geometry":{"type":"Polygon","coordinates":[[[-98.84250736174567,19.230372674860558],[-98.8489434463352,19.235181636154845],[-98.848884774,19.235307966999994],[-98.848576798,19.236519448],[-98.848449211,19.236983237999997],[-98.84837339300002,19.237281828],[-98.848318142,19.237417533999995],[-98.847522222,19.237076465999994],[-98.847316376,19.23791551],[-98.846883459,19.237813560999996],[-98.846396706,19.239941763999997],[-98.845146333,19.23964106],[-98.844744529,19.239580077],[-98.844443329,19.239585556],[-98.843947875,19.239507376],[-98.843192546,19.239350666999997],[-98.842789463,19.239282747],[-98.84240907,19.239208194999996],[-98.842966032,19.236542028],[-98.842748022,19.23650750199999],[-98.842942293,19.235668480999994],[-98.842543678,19.235537069],[-98.842172763,19.235397452999997],[-98.841945202,19.235329958000005],[-98.841736375,19.235393186000003],[-98.84137531700001,19.235274578999995],[-98.84100779300002,19.235136513999997],[-98.84110304200001,19.234721835000002],[-98.842712457,19.235298259],[-98.842881186,19.234714232999995],[-98.842834535,19.234638353999998],[-98.84345094600002,19.23232354199999],[-98.84305192500001,19.232151048999995],[-98.843302545,19.231234775],[-98.842420522,19.230905408999995],[-98.842362214,19.230841255999998],[-98.842497865,19.230440888],[-98.84250736174567,19.230372674860558]]]}},{"type":"Feature","properties":{"id":14554,"entidad":15,"distrito":33,"distrito_l":1,"municipio":26,"seccion":7427,"tipo":2,"control":214234},"geometry":{"type":"Polygon","coordinates":[[[-98.90537270699666,19.286637767458863],[-98.90556010203686,19.287287786232294],[-98.9031268921949,19.286405158409366],[-98.90311677,19.286286935999996],[-98.902846761,19.285583001],[-98.903305692,19.284555412999993],[-98.90287481600001,19.284383539999997],[-98.902392115,19.284223019],[-98.90238061400001,19.283640757999997],[-98.902346327,19.283018496999993],[-98.901781783,19.282811413],[-98.900990337,19.280788318999996],[-98.90071573852032,19.28010309370755],[-98.90120610248988,19.280269311462284],[-98.90145409240199,19.28037115787572],[-98.90169644190433,19.280478354208352],[-98.90231643944156,19.280698171575544],[-98.90272788761085,19.28085363646604],[-98.90323538582535,19.281022770279368],[-98.90332192285308,19.28121157349896],[-98.90349860750922,19.281708294407206],[-98.9036545439174,19.282106230182716],[-98.90399366621605,19.283017222772898],[-98.90405037018981,19.28315600199528],[-98.90425295792056,19.28372452639281],[-98.90452647673358,19.284452051990314],[-98.90469623999363,19.28485073016416],[-98.90515935078801,19.28609150955909],[-98.90537270699666,19.286637767458863]]]}},{"type":"Feature","properties":{"id":14555,"entidad":15,"distrito":33,"distrito_l":1,"municipio":26,"seccion":7428,"tipo":2,"control":214235},"geometry":{"type":"Polygon","coordinates":[[[-98.903305692,19.284555412999993],[-98.902846761,19.285583001],[-98.90311677,19.286286935999996],[-98.9031268921949,19.286405158409366],[-98.89807209977407,19.284571438136],[-98.898079842,19.284431274999996],[-98.898068274,19.284158207999997],[-98.898085985,19.283988251],[-98.898109313,19.283862022],[-98.898090165,19.283784741999995],[-98.897959719,19.283432953999995],[-98.897861814,19.283189601999997],[-98.897714284,19.282761704000002],[-98.897348612,19.281842391999998],[-98.897474684,19.281863337999997],[-98.897856603,19.282009000000002],[-98.898277276,19.282156436],[-98.899139571,19.282494947999997],[-98.899711373,19.282685850000004],[-98.900138754,19.282804931999998],[-98.900977162,19.2831204],[-98.901167149,19.282616877000002],[-98.901591898,19.282768031],[-98.901781783,19.282811413],[-98.902346327,19.283018496999993],[-98.90238061400001,19.283640757999997],[-98.902392115,19.284223019],[-98.90287481600001,19.284383539999997],[-98.903305692,19.284555412999993]]]}},{"type":"Feature","properties":{"id":14553,"entidad":15,"distrito":33,"distrito_l":1,"municipio":26,"seccion":7429,"tipo":2,"control":214233},"geometry":{"type":"Polygon","coordinates":[[[-98.898109313,19.283862022],[-98.898085985,19.283988251],[-98.898068274,19.284158207999997],[-98.898079842,19.284431274999996],[-98.89807209977407,19.284571438136],[-98.89428979684766,19.28319921894595],[-98.894478679517,19.2826688572955],[-98.89503852305715,19.280786008023686],[-98.895695266356,19.278625096896146],[-98.89567121383084,19.27844611675631],[-98.89603764831146,19.278446325578287],[-98.89669660037045,19.27846339869445],[-98.896712057,19.278627509999996],[-98.89668987,19.278731125],[-98.89693237200001,19.279354939],[-98.897329262,19.279468955999995],[-98.897395668,19.279495551],[-98.897276667,19.280611782999998],[-98.897335524,19.280640812999998],[-98.897265633,19.280909423999994],[-98.897262071,19.281216007999994],[-98.897092599,19.281154828],[-98.897166611,19.281342167],[-98.897390268,19.281950732],[-98.897714284,19.282761704000002],[-98.897861814,19.283189601999997],[-98.897959719,19.283432953999995],[-98.898090165,19.283784741999995],[-98.898109313,19.283862022]]]}},{"type":"Feature","properties":{"id":14552,"entidad":15,"distrito":33,"distrito_l":1,"municipio":26,"seccion":7430,"tipo":2,"control":214232},"geometry":{"type":"Polygon","coordinates":[[[-98.89903671473901,19.27854436629078],[-98.8993785385822,19.278554398356224],[-98.90015854284978,19.27858780894463],[-98.90037736214636,19.279120855017567],[-98.90060882277932,19.279776484891187],[-98.90071573852032,19.28010309370755],[-98.900990337,19.280788318999996],[-98.901781783,19.282811413],[-98.901591898,19.282768031],[-98.901167149,19.282616877000002],[-98.900977162,19.2831204],[-98.900138754,19.282804931999998],[-98.899711373,19.282685850000004],[-98.899139571,19.282494947999997],[-98.898277276,19.282156436],[-98.897856603,19.282009000000002],[-98.897474684,19.281863337999997],[-98.897348612,19.281842391999998],[-98.897166611,19.281342167],[-98.897092599,19.281154828],[-98.897262071,19.281216007999994],[-98.897265633,19.280909423999994],[-98.897335524,19.280640812999998],[-98.897276667,19.280611782999998],[-98.897395668,19.279495551],[-98.897329262,19.279468955999995],[-98.89693237200001,19.279354939],[-98.89668987,19.278731125],[-98.896712057,19.278627509999996],[-98.89669660037045,19.27846339869445],[-98.89716511232588,19.278489789808187],[-98.89728913967872,19.27848450626632],[-98.89781905382557,19.278495509904563],[-98.89867029317273,19.278522750325838],[-98.89903671473901,19.27854436629078]]]}},{"type":"Feature","properties":{"id":14558,"entidad":15,"distrito":33,"distrito_l":1,"municipio":26,"seccion":7431,"tipo":2,"control":214238},"geometry":{"type":"Polygon","coordinates":[[[-98.903606698,19.255272994000002],[-98.903887709,19.255391018999997],[-98.904136758,19.255486385999998],[-98.904440274,19.255616083999993],[-98.904992335,19.255831572999995],[-98.905256265,19.255940356],[-98.905852219,19.256164717999997],[-98.906549891,19.254494135],[-98.90839665800002,19.25640364],[-98.90983956387721,19.258206652816547],[-98.90779210315276,19.259931749167745],[-98.9045711376357,19.258723690640156],[-98.90318257720661,19.25814156023835],[-98.89923499946042,19.25646790115867],[-98.898309306,19.256096745999997],[-98.898627082,19.255309325],[-98.899594558,19.255700035999997],[-98.900550279,19.256065864999993],[-98.90092390782773,19.25521793817439],[-98.9013370969464,19.254367240701946],[-98.902309047,19.254751537],[-98.903606698,19.255272994000002]]]}},{"type":"Feature","properties":{"id":14560,"entidad":15,"distrito":33,"distrito_l":1,"municipio":26,"seccion":7432,"tipo":2,"control":214240},"geometry":{"type":"Polygon","coordinates":[[[-98.912548204618,19.24369134402267],[-98.91402772670516,19.24413155413854],[-98.91431957003314,19.24420800137558],[-98.91767722019085,19.245274023958995],[-98.91831532156809,19.24546235621728],[-98.919326596471,19.245748558953146],[-98.92102883279188,19.246296031442252],[-98.92225814778448,19.246636891898014],[-98.92246778770931,19.24659174570371],[-98.92282565826417,19.24746537021212],[-98.92230732837659,19.247654302482065],[-98.92184882699681,19.24787378641453],[-98.92142507995895,19.248191162316505],[-98.9199044996161,19.249459524932938],[-98.91945884594267,19.249843054441723],[-98.9187384498421,19.250503689731087],[-98.91801806776763,19.251124476540216],[-98.91763343130229,19.2515029575785],[-98.91688962491394,19.252170095067022],[-98.91613056435727,19.2528217672178],[-98.91588737278016,19.25304237590903],[-98.915621801556,19.253269735622354],[-98.91537250447689,19.25349372163434],[-98.91462869297384,19.254135734941062],[-98.91423593471694,19.254457213638247],[-98.91346770247651,19.255103074489178],[-98.91295484841919,19.255567454582728],[-98.91219474167633,19.256215245746677],[-98.91171708605141,19.256654441403345],[-98.90983956387721,19.258206652816547],[-98.90839665800002,19.25640364],[-98.906549891,19.254494135],[-98.904701013,19.252426961],[-98.904830608,19.252206449000003],[-98.90504656400002,19.251944279],[-98.905587536,19.251662455999995],[-98.905873337,19.251285220999996],[-98.906112378,19.250978349999997],[-98.906335869,19.250702318999995],[-98.906561477,19.250406277999996],[-98.906780747,19.250099885],[-98.907006368,19.24981419199999],[-98.907212961,19.249539021999997],[-98.907415939,19.249238780999995],[-98.907544254,19.249086675],[-98.907698881,19.248930602999998],[-98.907883813,19.248700742999997],[-98.90812279,19.248377728999998],[-98.908569157,19.247799716],[-98.90887780500002,19.247634326999993],[-98.909077786,19.247598169],[-98.90928868,19.247549930999995],[-98.909715874,19.247539783000004],[-98.910096061,19.247557906999997],[-98.910492197,19.247555908999995],[-98.911030787,19.246104648],[-98.911060444,19.246112653999997],[-98.911684071,19.245105105999997],[-98.912548204618,19.24369134402267]]]}},{"type":"Feature","properties":{"id":14559,"entidad":15,"distrito":33,"distrito_l":1,"municipio":26,"seccion":7433,"tipo":2,"control":214239},"geometry":{"type":"Polygon","coordinates":[[[-98.904701013,19.252426961],[-98.906549891,19.254494135],[-98.905852219,19.256164717999997],[-98.905256265,19.255940356],[-98.904992335,19.255831572999995],[-98.904440274,19.255616083999993],[-98.904136758,19.255486385999998],[-98.903887709,19.255391018999997],[-98.903606698,19.255272994000002],[-98.902309047,19.254751537],[-98.9013370969464,19.254367240701946],[-98.902501349,19.251956545999995],[-98.90306051079484,19.250997531732423],[-98.90321752365915,19.250746885601004],[-98.903213511,19.250818665999994],[-98.904701013,19.252426961]]]}},{"type":"Feature","properties":{"id":14557,"entidad":15,"distrito":33,"distrito_l":1,"municipio":26,"seccion":7434,"tipo":2,"control":214237},"geometry":{"type":"Polygon","coordinates":[[[-98.908569157,19.247799716],[-98.90812279,19.248377728999998],[-98.907883813,19.248700742999997],[-98.907698881,19.248930602999998],[-98.907544254,19.249086675],[-98.907415939,19.249238780999995],[-98.907212961,19.249539021999997],[-98.907006368,19.24981419199999],[-98.906780747,19.250099885],[-98.906561477,19.250406277999996],[-98.906335869,19.250702318999995],[-98.906112378,19.250978349999997],[-98.905873337,19.251285220999996],[-98.905587536,19.251662455999995],[-98.90504656400002,19.251944279],[-98.904830608,19.252206449000003],[-98.904701013,19.252426961],[-98.903213511,19.250818665999994],[-98.90321752365915,19.250746885601004],[-98.903374536,19.250496239000007],[-98.903463159,19.250315212],[-98.904201872,19.248905088],[-98.90482991447846,19.247887963808854],[-98.90506735164621,19.247488373683826],[-98.905185152,19.247419393],[-98.905501198,19.247437164999997],[-98.90582411,19.247462302],[-98.906898475,19.247511981999995],[-98.907806469,19.247533794999995],[-98.90887780500002,19.247634326999993],[-98.908569157,19.247799716]]]}},{"type":"Feature","properties":{"id":14556,"entidad":15,"distrito":33,"distrito_l":1,"municipio":26,"seccion":7435,"tipo":2,"control":214236},"geometry":{"type":"Polygon","coordinates":[[[-98.912548204618,19.24369134402267],[-98.911684071,19.245105105999997],[-98.911060444,19.246112653999997],[-98.911030787,19.246104648],[-98.910492197,19.247555908999995],[-98.910096061,19.247557906999997],[-98.909715874,19.247539783000004],[-98.90928868,19.247549930999995],[-98.909077786,19.247598169],[-98.90887780500002,19.247634326999993],[-98.907806469,19.247533794999995],[-98.906898475,19.247511981999995],[-98.90582411,19.247462302],[-98.905501198,19.247437164999997],[-98.905185152,19.247419393],[-98.90506735164621,19.247488373683826],[-98.90589378704982,19.246074508159296],[-98.90611212113762,19.245603752124246],[-98.90692152028608,19.244004979697742],[-98.907880929,19.242299706999997],[-98.9102681636218,19.24300949632742],[-98.91074839659235,19.243133119635782],[-98.912548204618,19.24369134402267]]]}},{"type":"Feature","properties":{"id":14400,"entidad":15,"distrito":33,"distrito_l":1,"municipio":26,"seccion":7436,"tipo":2,"control":214244},"geometry":{"type":"Polygon","coordinates":[[[-98.87163505296255,19.259236862984462],[-98.87134176989575,19.259273257589683],[-98.86927885833289,19.259436882820683],[-98.86846660814587,19.259539549548922],[-98.86532975909726,19.259831507706057],[-98.86542986198448,19.25896573010303],[-98.86313501145509,19.258439377194243],[-98.863220099,19.257322333999998],[-98.863321991,19.256199713],[-98.861592854,19.2558778],[-98.861938921,19.254734587000005],[-98.861942996,19.254681792],[-98.861361858,19.254548309],[-98.860734068,19.254383215],[-98.86029104,19.254312325],[-98.860115243,19.254278809999995],[-98.859599438,19.254118666999993],[-98.859479868,19.253939587999994],[-98.858900764,19.253853309000004],[-98.858909741,19.253286089999992],[-98.858944449,19.252861804999995],[-98.85906142,19.251933000999998],[-98.859126146,19.251343449000004],[-98.859246282,19.250465087],[-98.859231745,19.250391119999996],[-98.859349225,19.249628506],[-98.858386708,19.249476505000004],[-98.858040375,19.249433116999995],[-98.857725494,19.249382484],[-98.858600971,19.245041219999997],[-98.858681091,19.244610711],[-98.858903009,19.243613541],[-98.85880014600001,19.243135343],[-98.858589881,19.242499355],[-98.858470523,19.242001240000008],[-98.85781350443841,19.24146052093392],[-98.86313019812673,19.244538246556278],[-98.86973605252903,19.24626307885842],[-98.8749579865197,19.246915793162273],[-98.87459009576824,19.246986744275898],[-98.87398768974876,19.248989505399212],[-98.87391183176555,19.249377966685312],[-98.87361412803371,19.250327239973892],[-98.87271408776357,19.25012708899474],[-98.8721958114598,19.252159913959073],[-98.87179067581134,19.25382563387807],[-98.87182935212037,19.25390404399845],[-98.8716173481217,19.254650722444946],[-98.87147447212014,19.25466852399072],[-98.87123835712441,19.254594768316508],[-98.87080164343045,19.25604830891291],[-98.87133110487541,19.256193777056325],[-98.87141846364923,19.25744342400227],[-98.87152194287118,19.257439501874416],[-98.87163505296255,19.259236862984462]]]}},{"type":"Feature","properties":{"id":14399,"entidad":15,"distrito":33,"distrito_l":1,"municipio":26,"seccion":7437,"tipo":2,"control":214243},"geometry":{"type":"Polygon","coordinates":[[[-98.863321991,19.256199713],[-98.863220099,19.257322333999998],[-98.86313501145509,19.258439377194243],[-98.86299666389513,19.259388757361304],[-98.86074644753549,19.25892305599083],[-98.86026881755275,19.258860680774845],[-98.858758506,19.258556855999995],[-98.85801827887867,19.25838244246442],[-98.858211605,19.257692995],[-98.858303817,19.257292712],[-98.858840551,19.255192762],[-98.858877438,19.254757960999996],[-98.858900764,19.253853309000004],[-98.859479868,19.253939587999994],[-98.859599438,19.254118666999993],[-98.860115243,19.254278809999995],[-98.86029104,19.254312325],[-98.860734068,19.254383215],[-98.861361858,19.254548309],[-98.861942996,19.254681792],[-98.861938921,19.254734587000005],[-98.861592854,19.2558778],[-98.863321991,19.256199713]]]}},{"type":"Feature","properties":{"id":14398,"entidad":15,"distrito":33,"distrito_l":1,"municipio":26,"seccion":7438,"tipo":2,"control":214242},"geometry":{"type":"Polygon","coordinates":[[[-98.858386708,19.249476505000004],[-98.859349225,19.249628506],[-98.859231745,19.250391119999996],[-98.859246282,19.250465087],[-98.859126146,19.251343449000004],[-98.85906142,19.251933000999998],[-98.858944449,19.252861804999995],[-98.858930454,19.253010863999997],[-98.858909741,19.253286089999992],[-98.858900764,19.253853309000004],[-98.858877438,19.254757960999996],[-98.858840551,19.255192762],[-98.858303817,19.257292712],[-98.858211605,19.257692995],[-98.85801827887867,19.25838244246442],[-98.85709403000185,19.258169579992796],[-98.85641178050031,19.25799119826022],[-98.855795432,19.257820281999997],[-98.855087544,19.257645803999992],[-98.85364174224839,19.257303274766418],[-98.85314390026215,19.25566638935032],[-98.85188545103487,19.255409381518955],[-98.85177341862406,19.25535618042264],[-98.85073231619796,19.254556811590895],[-98.85171045368055,19.252017848162485],[-98.85161803237332,19.25195813615335],[-98.85180732698295,19.251594935709193],[-98.85207308379123,19.251038385262053],[-98.8522097086499,19.251052914820477],[-98.8524574951758,19.250129918073018],[-98.85192681035811,19.24894077734703],[-98.85153065054246,19.248206073847232],[-98.85152994049217,19.248148164994568],[-98.851689128,19.248192508],[-98.852455114,19.248349680999993],[-98.853243224,19.248502234000004],[-98.85368495,19.248566920000002],[-98.854078373,19.248658313999996],[-98.85495718700001,19.248833093000002],[-98.855067225,19.248427563999996],[-98.85582771500002,19.248557987],[-98.855817987,19.248567538999993],[-98.85576122000002,19.249017266999996],[-98.856375566,19.249140335999996],[-98.856742943,19.249197214],[-98.857070591,19.249263490999997],[-98.857413147,19.249315631999995],[-98.857725494,19.249382484],[-98.858040375,19.249433116999995],[-98.858386708,19.249476505000004]]]}},{"type":"Feature","properties":{"id":14397,"entidad":15,"distrito":33,"distrito_l":1,"municipio":26,"seccion":7439,"tipo":2,"control":214241},"geometry":{"type":"Polygon","coordinates":[[[-98.856773446,19.243834203999995],[-98.857101736,19.243899302999996],[-98.857423503,19.243989098999997],[-98.857724734,19.244052924000002],[-98.858414851,19.244215273000002],[-98.858749628,19.244298902],[-98.858681091,19.244610711],[-98.858600971,19.245041219999997],[-98.857725494,19.249382484],[-98.857413147,19.249315631999995],[-98.857070591,19.249263490999997],[-98.856742943,19.249197214],[-98.856375566,19.249140335999996],[-98.85576122000002,19.249017266999996],[-98.855817987,19.248567538999993],[-98.85582771500002,19.248557987],[-98.85584381490276,19.248464707436828],[-98.8558738158647,19.248339255495107],[-98.85590641762523,19.248084121039945],[-98.85593895010554,19.247980990699695],[-98.85595028779893,19.247843008296446],[-98.85604243040193,19.24721434517018],[-98.85605717321839,19.247054279266266],[-98.85609648739567,19.246842017718105],[-98.85611399449026,19.24669442038684],[-98.85607590888102,19.246686301079897],[-98.85609372311762,19.24658219993022],[-98.85613733728302,19.246595828775312],[-98.856252292,19.246133499],[-98.85618214500002,19.246122423000003],[-98.856265072,19.245756771],[-98.856447216,19.245140063999997],[-98.856506781,19.244843349],[-98.856773446,19.243834203999995]]]}},{"type":"Feature","properties":{"id":14401,"entidad":15,"distrito":33,"distrito_l":1,"municipio":26,"seccion":7440,"tipo":2,"control":214245},"geometry":{"type":"Polygon","coordinates":[[[-98.858903009,19.243613541],[-98.858749628,19.244298902],[-98.858414851,19.244215273000002],[-98.857724734,19.244052924000002],[-98.857423503,19.243989098999997],[-98.857101736,19.243899302999996],[-98.856773446,19.243834203999995],[-98.856506781,19.244843349],[-98.856447216,19.245140063999997],[-98.856265072,19.245756771],[-98.85618214500002,19.246122423000003],[-98.856252292,19.246133499],[-98.85613733728302,19.246595828775312],[-98.85609372311762,19.24658219993022],[-98.85607590888102,19.246686301079897],[-98.85611399449026,19.24669442038684],[-98.85609648739567,19.246842017718105],[-98.85605717321839,19.247054279266266],[-98.85604243040193,19.24721434517018],[-98.85595028779893,19.247843008296446],[-98.85593895010554,19.247980990699695],[-98.85590641762523,19.248084121039945],[-98.8558738158647,19.248339255495107],[-98.85584381490276,19.248464707436828],[-98.85582771500002,19.248557987],[-98.855067225,19.248427563999996],[-98.85495718700001,19.248833093000002],[-98.854078373,19.248658313999996],[-98.85368495,19.248566920000002],[-98.853243224,19.248502234000004],[-98.852455114,19.248349680999993],[-98.851689128,19.248192508],[-98.85152994049217,19.248148164994568],[-98.85152967508068,19.248126519091663],[-98.85108447502358,19.247208303444744],[-98.85147529680987,19.245419775873014],[-98.84998039778219,19.24512802391905],[-98.85074866781855,19.242262754867742],[-98.8508714865356,19.241905856330177],[-98.8510480250175,19.241189019466344],[-98.85174656605767,19.23862098560182],[-98.85049584948025,19.23818540450161],[-98.8508667810823,19.23660568340465],[-98.85305826927589,19.238224507466953],[-98.85595156138139,19.24029558620574],[-98.85715304235437,19.241047303316066],[-98.85770540313779,19.241326271850085],[-98.85781350443841,19.24146052093392],[-98.858470523,19.242001240000008],[-98.858589881,19.242499355],[-98.85880014600001,19.243135343],[-98.858903009,19.243613541]]]}}]}